country,indicator,percent,ageRange,definition,surveyYear,published,method,scope,confidence,limits,sourceName,sourceUrl
AFG,ipv-lifetime,35,15–49 岁，曾有过伴侣的女性,曾有过伴侣的女性中，一生中至少经历过一次伴侣施加的身体暴力或性暴力,2018,2021-03-09,世界卫生组织汇总 161 个国家/地区共 366 项人口调查（约 200 万名女性）建立的贝叶斯多层模型国家估计,national,modelled,模型估计，不是逐国实测：数据稀少的国家由区域模式补齐，不确定区间很宽。各国原始调查的年份、年龄范围与问法不同。自陈调查普遍低报，真实比例可能更高。**本站的这份表是转录，尚未与原始文件逐行核对，引用前请打开来源核实。**,"世界卫生组织《Violence against women prevalence estimates, 2018》",https://www.who.int/publications/i/item/9789240022256
AGO,ipv-lifetime,25,15–49 岁，曾有过伴侣的女性,曾有过伴侣的女性中，一生中至少经历过一次伴侣施加的身体暴力或性暴力,2018,2021-03-09,世界卫生组织汇总 161 个国家/地区共 366 项人口调查（约 200 万名女性）建立的贝叶斯多层模型国家估计,national,modelled,模型估计，不是逐国实测：数据稀少的国家由区域模式补齐，不确定区间很宽。各国原始调查的年份、年龄范围与问法不同。自陈调查普遍低报，真实比例可能更高。**本站的这份表是转录，尚未与原始文件逐行核对，引用前请打开来源核实。**,"世界卫生组织《Violence against women prevalence estimates, 2018》",https://www.who.int/publications/i/item/9789240022256
ALB,ipv-lifetime,13,15–49 岁，曾有过伴侣的女性,曾有过伴侣的女性中，一生中至少经历过一次伴侣施加的身体暴力或性暴力,2018,2021-03-09,世界卫生组织汇总 161 个国家/地区共 366 项人口调查（约 200 万名女性）建立的贝叶斯多层模型国家估计,national,modelled,模型估计，不是逐国实测：数据稀少的国家由区域模式补齐，不确定区间很宽。各国原始调查的年份、年龄范围与问法不同。自陈调查普遍低报，真实比例可能更高。**本站的这份表是转录，尚未与原始文件逐行核对，引用前请打开来源核实。**,"世界卫生组织《Violence against women prevalence estimates, 2018》",https://www.who.int/publications/i/item/9789240022256
ARE,ipv-lifetime,15,15–49 岁，曾有过伴侣的女性,曾有过伴侣的女性中，一生中至少经历过一次伴侣施加的身体暴力或性暴力,2018,2021-03-09,世界卫生组织汇总 161 个国家/地区共 366 项人口调查（约 200 万名女性）建立的贝叶斯多层模型国家估计,national,modelled,模型估计，不是逐国实测：数据稀少的国家由区域模式补齐，不确定区间很宽。各国原始调查的年份、年龄范围与问法不同。自陈调查普遍低报，真实比例可能更高。**本站的这份表是转录，尚未与原始文件逐行核对，引用前请打开来源核实。**,"世界卫生组织《Violence against women prevalence estimates, 2018》",https://www.who.int/publications/i/item/9789240022256
ARG,ipv-lifetime,26,15–49 岁，曾有过伴侣的女性,曾有过伴侣的女性中，一生中至少经历过一次伴侣施加的身体暴力或性暴力,2018,2021-03-09,世界卫生组织汇总 161 个国家/地区共 366 项人口调查（约 200 万名女性）建立的贝叶斯多层模型国家估计,national,modelled,模型估计，不是逐国实测：数据稀少的国家由区域模式补齐，不确定区间很宽。各国原始调查的年份、年龄范围与问法不同。自陈调查普遍低报，真实比例可能更高。**本站的这份表是转录，尚未与原始文件逐行核对，引用前请打开来源核实。**,"世界卫生组织《Violence against women prevalence estimates, 2018》",https://www.who.int/publications/i/item/9789240022256
ARM,ipv-lifetime,12,15–49 岁，曾有过伴侣的女性,曾有过伴侣的女性中，一生中至少经历过一次伴侣施加的身体暴力或性暴力,2018,2021-03-09,世界卫生组织汇总 161 个国家/地区共 366 项人口调查（约 200 万名女性）建立的贝叶斯多层模型国家估计,national,modelled,模型估计，不是逐国实测：数据稀少的国家由区域模式补齐，不确定区间很宽。各国原始调查的年份、年龄范围与问法不同。自陈调查普遍低报，真实比例可能更高。**本站的这份表是转录，尚未与原始文件逐行核对，引用前请打开来源核实。**,"世界卫生组织《Violence against women prevalence estimates, 2018》",https://www.who.int/publications/i/item/9789240022256
AUS,ipv-lifetime,23,15–49 岁，曾有过伴侣的女性,曾有过伴侣的女性中，一生中至少经历过一次伴侣施加的身体暴力或性暴力,2018,2021-03-09,世界卫生组织汇总 161 个国家/地区共 366 项人口调查（约 200 万名女性）建立的贝叶斯多层模型国家估计,national,modelled,模型估计，不是逐国实测：数据稀少的国家由区域模式补齐，不确定区间很宽。各国原始调查的年份、年龄范围与问法不同。自陈调查普遍低报，真实比例可能更高。**本站的这份表是转录，尚未与原始文件逐行核对，引用前请打开来源核实。**,"世界卫生组织《Violence against women prevalence estimates, 2018》",https://www.who.int/publications/i/item/9789240022256
AUT,ipv-lifetime,13,15–49 岁，曾有过伴侣的女性,曾有过伴侣的女性中，一生中至少经历过一次伴侣施加的身体暴力或性暴力,2018,2021-03-09,世界卫生组织汇总 161 个国家/地区共 366 项人口调查（约 200 万名女性）建立的贝叶斯多层模型国家估计,national,modelled,模型估计，不是逐国实测：数据稀少的国家由区域模式补齐，不确定区间很宽。各国原始调查的年份、年龄范围与问法不同。自陈调查普遍低报，真实比例可能更高。**本站的这份表是转录，尚未与原始文件逐行核对，引用前请打开来源核实。**,"世界卫生组织《Violence against women prevalence estimates, 2018》",https://www.who.int/publications/i/item/9789240022256
AZE,ipv-lifetime,13,15–49 岁，曾有过伴侣的女性,曾有过伴侣的女性中，一生中至少经历过一次伴侣施加的身体暴力或性暴力,2018,2021-03-09,世界卫生组织汇总 161 个国家/地区共 366 项人口调查（约 200 万名女性）建立的贝叶斯多层模型国家估计,national,modelled,模型估计，不是逐国实测：数据稀少的国家由区域模式补齐，不确定区间很宽。各国原始调查的年份、年龄范围与问法不同。自陈调查普遍低报，真实比例可能更高。**本站的这份表是转录，尚未与原始文件逐行核对，引用前请打开来源核实。**,"世界卫生组织《Violence against women prevalence estimates, 2018》",https://www.who.int/publications/i/item/9789240022256
BDI,ipv-lifetime,41,15–49 岁，曾有过伴侣的女性,曾有过伴侣的女性中，一生中至少经历过一次伴侣施加的身体暴力或性暴力,2018,2021-03-09,世界卫生组织汇总 161 个国家/地区共 366 项人口调查（约 200 万名女性）建立的贝叶斯多层模型国家估计,national,modelled,模型估计，不是逐国实测：数据稀少的国家由区域模式补齐，不确定区间很宽。各国原始调查的年份、年龄范围与问法不同。自陈调查普遍低报，真实比例可能更高。**本站的这份表是转录，尚未与原始文件逐行核对，引用前请打开来源核实。**,"世界卫生组织《Violence against women prevalence estimates, 2018》",https://www.who.int/publications/i/item/9789240022256
BEL,ipv-lifetime,13,15–49 岁，曾有过伴侣的女性,曾有过伴侣的女性中，一生中至少经历过一次伴侣施加的身体暴力或性暴力,2018,2021-03-09,世界卫生组织汇总 161 个国家/地区共 366 项人口调查（约 200 万名女性）建立的贝叶斯多层模型国家估计,national,modelled,模型估计，不是逐国实测：数据稀少的国家由区域模式补齐，不确定区间很宽。各国原始调查的年份、年龄范围与问法不同。自陈调查普遍低报，真实比例可能更高。**本站的这份表是转录，尚未与原始文件逐行核对，引用前请打开来源核实。**,"世界卫生组织《Violence against women prevalence estimates, 2018》",https://www.who.int/publications/i/item/9789240022256
BEN,ipv-lifetime,25,15–49 岁，曾有过伴侣的女性,曾有过伴侣的女性中，一生中至少经历过一次伴侣施加的身体暴力或性暴力,2018,2021-03-09,世界卫生组织汇总 161 个国家/地区共 366 项人口调查（约 200 万名女性）建立的贝叶斯多层模型国家估计,national,modelled,模型估计，不是逐国实测：数据稀少的国家由区域模式补齐，不确定区间很宽。各国原始调查的年份、年龄范围与问法不同。自陈调查普遍低报，真实比例可能更高。**本站的这份表是转录，尚未与原始文件逐行核对，引用前请打开来源核实。**,"世界卫生组织《Violence against women prevalence estimates, 2018》",https://www.who.int/publications/i/item/9789240022256
BFA,ipv-lifetime,25,15–49 岁，曾有过伴侣的女性,曾有过伴侣的女性中，一生中至少经历过一次伴侣施加的身体暴力或性暴力,2018,2021-03-09,世界卫生组织汇总 161 个国家/地区共 366 项人口调查（约 200 万名女性）建立的贝叶斯多层模型国家估计,national,modelled,模型估计，不是逐国实测：数据稀少的国家由区域模式补齐，不确定区间很宽。各国原始调查的年份、年龄范围与问法不同。自陈调查普遍低报，真实比例可能更高。**本站的这份表是转录，尚未与原始文件逐行核对，引用前请打开来源核实。**,"世界卫生组织《Violence against women prevalence estimates, 2018》",https://www.who.int/publications/i/item/9789240022256
BGD,ipv-lifetime,50,15–49 岁，曾有过伴侣的女性,曾有过伴侣的女性中，一生中至少经历过一次伴侣施加的身体暴力或性暴力,2018,2021-03-09,世界卫生组织汇总 161 个国家/地区共 366 项人口调查（约 200 万名女性）建立的贝叶斯多层模型国家估计,national,modelled,模型估计，不是逐国实测：数据稀少的国家由区域模式补齐，不确定区间很宽。各国原始调查的年份、年龄范围与问法不同。自陈调查普遍低报，真实比例可能更高。**本站的这份表是转录，尚未与原始文件逐行核对，引用前请打开来源核实。**,"世界卫生组织《Violence against women prevalence estimates, 2018》",https://www.who.int/publications/i/item/9789240022256
BGR,ipv-lifetime,12,15–49 岁，曾有过伴侣的女性,曾有过伴侣的女性中，一生中至少经历过一次伴侣施加的身体暴力或性暴力,2018,2021-03-09,世界卫生组织汇总 161 个国家/地区共 366 项人口调查（约 200 万名女性）建立的贝叶斯多层模型国家估计,national,modelled,模型估计，不是逐国实测：数据稀少的国家由区域模式补齐，不确定区间很宽。各国原始调查的年份、年龄范围与问法不同。自陈调查普遍低报，真实比例可能更高。**本站的这份表是转录，尚未与原始文件逐行核对，引用前请打开来源核实。**,"世界卫生组织《Violence against women prevalence estimates, 2018》",https://www.who.int/publications/i/item/9789240022256
BIH,ipv-lifetime,12,15–49 岁，曾有过伴侣的女性,曾有过伴侣的女性中，一生中至少经历过一次伴侣施加的身体暴力或性暴力,2018,2021-03-09,世界卫生组织汇总 161 个国家/地区共 366 项人口调查（约 200 万名女性）建立的贝叶斯多层模型国家估计,national,modelled,模型估计，不是逐国实测：数据稀少的国家由区域模式补齐，不确定区间很宽。各国原始调查的年份、年龄范围与问法不同。自陈调查普遍低报，真实比例可能更高。**本站的这份表是转录，尚未与原始文件逐行核对，引用前请打开来源核实。**,"世界卫生组织《Violence against women prevalence estimates, 2018》",https://www.who.int/publications/i/item/9789240022256
BLR,ipv-lifetime,15,15–49 岁，曾有过伴侣的女性,曾有过伴侣的女性中，一生中至少经历过一次伴侣施加的身体暴力或性暴力,2018,2021-03-09,世界卫生组织汇总 161 个国家/地区共 366 项人口调查（约 200 万名女性）建立的贝叶斯多层模型国家估计,national,modelled,模型估计，不是逐国实测：数据稀少的国家由区域模式补齐，不确定区间很宽。各国原始调查的年份、年龄范围与问法不同。自陈调查普遍低报，真实比例可能更高。**本站的这份表是转录，尚未与原始文件逐行核对，引用前请打开来源核实。**,"世界卫生组织《Violence against women prevalence estimates, 2018》",https://www.who.int/publications/i/item/9789240022256
BLZ,ipv-lifetime,21,15–49 岁，曾有过伴侣的女性,曾有过伴侣的女性中，一生中至少经历过一次伴侣施加的身体暴力或性暴力,2018,2021-03-09,世界卫生组织汇总 161 个国家/地区共 366 项人口调查（约 200 万名女性）建立的贝叶斯多层模型国家估计,national,modelled,模型估计，不是逐国实测：数据稀少的国家由区域模式补齐，不确定区间很宽。各国原始调查的年份、年龄范围与问法不同。自陈调查普遍低报，真实比例可能更高。**本站的这份表是转录，尚未与原始文件逐行核对，引用前请打开来源核实。**,"世界卫生组织《Violence against women prevalence estimates, 2018》",https://www.who.int/publications/i/item/9789240022256
BOL,ipv-lifetime,32,15–49 岁，曾有过伴侣的女性,曾有过伴侣的女性中，一生中至少经历过一次伴侣施加的身体暴力或性暴力,2018,2021-03-09,世界卫生组织汇总 161 个国家/地区共 366 项人口调查（约 200 万名女性）建立的贝叶斯多层模型国家估计,national,modelled,模型估计，不是逐国实测：数据稀少的国家由区域模式补齐，不确定区间很宽。各国原始调查的年份、年龄范围与问法不同。自陈调查普遍低报，真实比例可能更高。**本站的这份表是转录，尚未与原始文件逐行核对，引用前请打开来源核实。**,"世界卫生组织《Violence against women prevalence estimates, 2018》",https://www.who.int/publications/i/item/9789240022256
BRA,ipv-lifetime,23,15–49 岁，曾有过伴侣的女性,曾有过伴侣的女性中，一生中至少经历过一次伴侣施加的身体暴力或性暴力,2018,2021-03-09,世界卫生组织汇总 161 个国家/地区共 366 项人口调查（约 200 万名女性）建立的贝叶斯多层模型国家估计,national,modelled,模型估计，不是逐国实测：数据稀少的国家由区域模式补齐，不确定区间很宽。各国原始调查的年份、年龄范围与问法不同。自陈调查普遍低报，真实比例可能更高。**本站的这份表是转录，尚未与原始文件逐行核对，引用前请打开来源核实。**,"世界卫生组织《Violence against women prevalence estimates, 2018》",https://www.who.int/publications/i/item/9789240022256
BTN,ipv-lifetime,21,15–49 岁，曾有过伴侣的女性,曾有过伴侣的女性中，一生中至少经历过一次伴侣施加的身体暴力或性暴力,2018,2021-03-09,世界卫生组织汇总 161 个国家/地区共 366 项人口调查（约 200 万名女性）建立的贝叶斯多层模型国家估计,national,modelled,模型估计，不是逐国实测：数据稀少的国家由区域模式补齐，不确定区间很宽。各国原始调查的年份、年龄范围与问法不同。自陈调查普遍低报，真实比例可能更高。**本站的这份表是转录，尚未与原始文件逐行核对，引用前请打开来源核实。**,"世界卫生组织《Violence against women prevalence estimates, 2018》",https://www.who.int/publications/i/item/9789240022256
BWA,ipv-lifetime,25,15–49 岁，曾有过伴侣的女性,曾有过伴侣的女性中，一生中至少经历过一次伴侣施加的身体暴力或性暴力,2018,2021-03-09,世界卫生组织汇总 161 个国家/地区共 366 项人口调查（约 200 万名女性）建立的贝叶斯多层模型国家估计,national,modelled,模型估计，不是逐国实测：数据稀少的国家由区域模式补齐，不确定区间很宽。各国原始调查的年份、年龄范围与问法不同。自陈调查普遍低报，真实比例可能更高。**本站的这份表是转录，尚未与原始文件逐行核对，引用前请打开来源核实。**,"世界卫生组织《Violence against women prevalence estimates, 2018》",https://www.who.int/publications/i/item/9789240022256
CAF,ipv-lifetime,41,15–49 岁，曾有过伴侣的女性,曾有过伴侣的女性中，一生中至少经历过一次伴侣施加的身体暴力或性暴力,2018,2021-03-09,世界卫生组织汇总 161 个国家/地区共 366 项人口调查（约 200 万名女性）建立的贝叶斯多层模型国家估计,national,modelled,模型估计，不是逐国实测：数据稀少的国家由区域模式补齐，不确定区间很宽。各国原始调查的年份、年龄范围与问法不同。自陈调查普遍低报，真实比例可能更高。**本站的这份表是转录，尚未与原始文件逐行核对，引用前请打开来源核实。**,"世界卫生组织《Violence against women prevalence estimates, 2018》",https://www.who.int/publications/i/item/9789240022256
CAN,ipv-lifetime,20,15–49 岁，曾有过伴侣的女性,曾有过伴侣的女性中，一生中至少经历过一次伴侣施加的身体暴力或性暴力,2018,2021-03-09,世界卫生组织汇总 161 个国家/地区共 366 项人口调查（约 200 万名女性）建立的贝叶斯多层模型国家估计,national,modelled,模型估计，不是逐国实测：数据稀少的国家由区域模式补齐，不确定区间很宽。各国原始调查的年份、年龄范围与问法不同。自陈调查普遍低报，真实比例可能更高。**本站的这份表是转录，尚未与原始文件逐行核对，引用前请打开来源核实。**,"世界卫生组织《Violence against women prevalence estimates, 2018》",https://www.who.int/publications/i/item/9789240022256
CHE,ipv-lifetime,12,15–49 岁，曾有过伴侣的女性,曾有过伴侣的女性中，一生中至少经历过一次伴侣施加的身体暴力或性暴力,2018,2021-03-09,世界卫生组织汇总 161 个国家/地区共 366 项人口调查（约 200 万名女性）建立的贝叶斯多层模型国家估计,national,modelled,模型估计，不是逐国实测：数据稀少的国家由区域模式补齐，不确定区间很宽。各国原始调查的年份、年龄范围与问法不同。自陈调查普遍低报，真实比例可能更高。**本站的这份表是转录，尚未与原始文件逐行核对，引用前请打开来源核实。**,"世界卫生组织《Violence against women prevalence estimates, 2018》",https://www.who.int/publications/i/item/9789240022256
CHL,ipv-lifetime,20,15–49 岁，曾有过伴侣的女性,曾有过伴侣的女性中，一生中至少经历过一次伴侣施加的身体暴力或性暴力,2018,2021-03-09,世界卫生组织汇总 161 个国家/地区共 366 项人口调查（约 200 万名女性）建立的贝叶斯多层模型国家估计,national,modelled,模型估计，不是逐国实测：数据稀少的国家由区域模式补齐，不确定区间很宽。各国原始调查的年份、年龄范围与问法不同。自陈调查普遍低报，真实比例可能更高。**本站的这份表是转录，尚未与原始文件逐行核对，引用前请打开来源核实。**,"世界卫生组织《Violence against women prevalence estimates, 2018》",https://www.who.int/publications/i/item/9789240022256
CHN,ipv-lifetime,20,15–49 岁，曾有过伴侣的女性,曾有过伴侣的女性中，一生中至少经历过一次伴侣施加的身体暴力或性暴力,2018,2021-03-09,世界卫生组织汇总 161 个国家/地区共 366 项人口调查（约 200 万名女性）建立的贝叶斯多层模型国家估计,national,modelled,模型估计，不是逐国实测：数据稀少的国家由区域模式补齐，不确定区间很宽。各国原始调查的年份、年龄范围与问法不同。自陈调查普遍低报，真实比例可能更高。**本站的这份表是转录，尚未与原始文件逐行核对，引用前请打开来源核实。**,"世界卫生组织《Violence against women prevalence estimates, 2018》",https://www.who.int/publications/i/item/9789240022256
CIV,ipv-lifetime,26,15–49 岁，曾有过伴侣的女性,曾有过伴侣的女性中，一生中至少经历过一次伴侣施加的身体暴力或性暴力,2018,2021-03-09,世界卫生组织汇总 161 个国家/地区共 366 项人口调查（约 200 万名女性）建立的贝叶斯多层模型国家估计,national,modelled,模型估计，不是逐国实测：数据稀少的国家由区域模式补齐，不确定区间很宽。各国原始调查的年份、年龄范围与问法不同。自陈调查普遍低报，真实比例可能更高。**本站的这份表是转录，尚未与原始文件逐行核对，引用前请打开来源核实。**,"世界卫生组织《Violence against women prevalence estimates, 2018》",https://www.who.int/publications/i/item/9789240022256
CMR,ipv-lifetime,33,15–49 岁，曾有过伴侣的女性,曾有过伴侣的女性中，一生中至少经历过一次伴侣施加的身体暴力或性暴力,2018,2021-03-09,世界卫生组织汇总 161 个国家/地区共 366 项人口调查（约 200 万名女性）建立的贝叶斯多层模型国家估计,national,modelled,模型估计，不是逐国实测：数据稀少的国家由区域模式补齐，不确定区间很宽。各国原始调查的年份、年龄范围与问法不同。自陈调查普遍低报，真实比例可能更高。**本站的这份表是转录，尚未与原始文件逐行核对，引用前请打开来源核实。**,"世界卫生组织《Violence against women prevalence estimates, 2018》",https://www.who.int/publications/i/item/9789240022256
COD,ipv-lifetime,47,15–49 岁，曾有过伴侣的女性,曾有过伴侣的女性中，一生中至少经历过一次伴侣施加的身体暴力或性暴力,2018,2021-03-09,世界卫生组织汇总 161 个国家/地区共 366 项人口调查（约 200 万名女性）建立的贝叶斯多层模型国家估计,national,modelled,模型估计，不是逐国实测：数据稀少的国家由区域模式补齐，不确定区间很宽。各国原始调查的年份、年龄范围与问法不同。自陈调查普遍低报，真实比例可能更高。**本站的这份表是转录，尚未与原始文件逐行核对，引用前请打开来源核实。**,"世界卫生组织《Violence against women prevalence estimates, 2018》",https://www.who.int/publications/i/item/9789240022256
COG,ipv-lifetime,33,15–49 岁，曾有过伴侣的女性,曾有过伴侣的女性中，一生中至少经历过一次伴侣施加的身体暴力或性暴力,2018,2021-03-09,世界卫生组织汇总 161 个国家/地区共 366 项人口调查（约 200 万名女性）建立的贝叶斯多层模型国家估计,national,modelled,模型估计，不是逐国实测：数据稀少的国家由区域模式补齐，不确定区间很宽。各国原始调查的年份、年龄范围与问法不同。自陈调查普遍低报，真实比例可能更高。**本站的这份表是转录，尚未与原始文件逐行核对，引用前请打开来源核实。**,"世界卫生组织《Violence against women prevalence estimates, 2018》",https://www.who.int/publications/i/item/9789240022256
COL,ipv-lifetime,24,15–49 岁，曾有过伴侣的女性,曾有过伴侣的女性中，一生中至少经历过一次伴侣施加的身体暴力或性暴力,2018,2021-03-09,世界卫生组织汇总 161 个国家/地区共 366 项人口调查（约 200 万名女性）建立的贝叶斯多层模型国家估计,national,modelled,模型估计，不是逐国实测：数据稀少的国家由区域模式补齐，不确定区间很宽。各国原始调查的年份、年龄范围与问法不同。自陈调查普遍低报，真实比例可能更高。**本站的这份表是转录，尚未与原始文件逐行核对，引用前请打开来源核实。**,"世界卫生组织《Violence against women prevalence estimates, 2018》",https://www.who.int/publications/i/item/9789240022256
COM,ipv-lifetime,27,15–49 岁，曾有过伴侣的女性,曾有过伴侣的女性中，一生中至少经历过一次伴侣施加的身体暴力或性暴力,2018,2021-03-09,世界卫生组织汇总 161 个国家/地区共 366 项人口调查（约 200 万名女性）建立的贝叶斯多层模型国家估计,national,modelled,模型估计，不是逐国实测：数据稀少的国家由区域模式补齐，不确定区间很宽。各国原始调查的年份、年龄范围与问法不同。自陈调查普遍低报，真实比例可能更高。**本站的这份表是转录，尚未与原始文件逐行核对，引用前请打开来源核实。**,"世界卫生组织《Violence against women prevalence estimates, 2018》",https://www.who.int/publications/i/item/9789240022256
CRI,ipv-lifetime,17,15–49 岁，曾有过伴侣的女性,曾有过伴侣的女性中，一生中至少经历过一次伴侣施加的身体暴力或性暴力,2018,2021-03-09,世界卫生组织汇总 161 个国家/地区共 366 项人口调查（约 200 万名女性）建立的贝叶斯多层模型国家估计,national,modelled,模型估计，不是逐国实测：数据稀少的国家由区域模式补齐，不确定区间很宽。各国原始调查的年份、年龄范围与问法不同。自陈调查普遍低报，真实比例可能更高。**本站的这份表是转录，尚未与原始文件逐行核对，引用前请打开来源核实。**,"世界卫生组织《Violence against women prevalence estimates, 2018》",https://www.who.int/publications/i/item/9789240022256
CUB,ipv-lifetime,20,15–49 岁，曾有过伴侣的女性,曾有过伴侣的女性中，一生中至少经历过一次伴侣施加的身体暴力或性暴力,2018,2021-03-09,世界卫生组织汇总 161 个国家/地区共 366 项人口调查（约 200 万名女性）建立的贝叶斯多层模型国家估计,national,modelled,模型估计，不是逐国实测：数据稀少的国家由区域模式补齐，不确定区间很宽。各国原始调查的年份、年龄范围与问法不同。自陈调查普遍低报，真实比例可能更高。**本站的这份表是转录，尚未与原始文件逐行核对，引用前请打开来源核实。**,"世界卫生组织《Violence against women prevalence estimates, 2018》",https://www.who.int/publications/i/item/9789240022256
CYP,ipv-lifetime,12,15–49 岁，曾有过伴侣的女性,曾有过伴侣的女性中，一生中至少经历过一次伴侣施加的身体暴力或性暴力,2018,2021-03-09,世界卫生组织汇总 161 个国家/地区共 366 项人口调查（约 200 万名女性）建立的贝叶斯多层模型国家估计,national,modelled,模型估计，不是逐国实测：数据稀少的国家由区域模式补齐，不确定区间很宽。各国原始调查的年份、年龄范围与问法不同。自陈调查普遍低报，真实比例可能更高。**本站的这份表是转录，尚未与原始文件逐行核对，引用前请打开来源核实。**,"世界卫生组织《Violence against women prevalence estimates, 2018》",https://www.who.int/publications/i/item/9789240022256
CZE,ipv-lifetime,13,15–49 岁，曾有过伴侣的女性,曾有过伴侣的女性中，一生中至少经历过一次伴侣施加的身体暴力或性暴力,2018,2021-03-09,世界卫生组织汇总 161 个国家/地区共 366 项人口调查（约 200 万名女性）建立的贝叶斯多层模型国家估计,national,modelled,模型估计，不是逐国实测：数据稀少的国家由区域模式补齐，不确定区间很宽。各国原始调查的年份、年龄范围与问法不同。自陈调查普遍低报，真实比例可能更高。**本站的这份表是转录，尚未与原始文件逐行核对，引用前请打开来源核实。**,"世界卫生组织《Violence against women prevalence estimates, 2018》",https://www.who.int/publications/i/item/9789240022256
DEU,ipv-lifetime,13,15–49 岁，曾有过伴侣的女性,曾有过伴侣的女性中，一生中至少经历过一次伴侣施加的身体暴力或性暴力,2018,2021-03-09,世界卫生组织汇总 161 个国家/地区共 366 项人口调查（约 200 万名女性）建立的贝叶斯多层模型国家估计,national,modelled,模型估计，不是逐国实测：数据稀少的国家由区域模式补齐，不确定区间很宽。各国原始调查的年份、年龄范围与问法不同。自陈调查普遍低报，真实比例可能更高。**本站的这份表是转录，尚未与原始文件逐行核对，引用前请打开来源核实。**,"世界卫生组织《Violence against women prevalence estimates, 2018》",https://www.who.int/publications/i/item/9789240022256
DJI,ipv-lifetime,25,15–49 岁，曾有过伴侣的女性,曾有过伴侣的女性中，一生中至少经历过一次伴侣施加的身体暴力或性暴力,2018,2021-03-09,世界卫生组织汇总 161 个国家/地区共 366 项人口调查（约 200 万名女性）建立的贝叶斯多层模型国家估计,national,modelled,模型估计，不是逐国实测：数据稀少的国家由区域模式补齐，不确定区间很宽。各国原始调查的年份、年龄范围与问法不同。自陈调查普遍低报，真实比例可能更高。**本站的这份表是转录，尚未与原始文件逐行核对，引用前请打开来源核实。**,"世界卫生组织《Violence against women prevalence estimates, 2018》",https://www.who.int/publications/i/item/9789240022256
DNK,ipv-lifetime,14,15–49 岁，曾有过伴侣的女性,曾有过伴侣的女性中，一生中至少经历过一次伴侣施加的身体暴力或性暴力,2018,2021-03-09,世界卫生组织汇总 161 个国家/地区共 366 项人口调查（约 200 万名女性）建立的贝叶斯多层模型国家估计,national,modelled,模型估计，不是逐国实测：数据稀少的国家由区域模式补齐，不确定区间很宽。各国原始调查的年份、年龄范围与问法不同。自陈调查普遍低报，真实比例可能更高。**本站的这份表是转录，尚未与原始文件逐行核对，引用前请打开来源核实。**,"世界卫生组织《Violence against women prevalence estimates, 2018》",https://www.who.int/publications/i/item/9789240022256
DOM,ipv-lifetime,22,15–49 岁，曾有过伴侣的女性,曾有过伴侣的女性中，一生中至少经历过一次伴侣施加的身体暴力或性暴力,2018,2021-03-09,世界卫生组织汇总 161 个国家/地区共 366 项人口调查（约 200 万名女性）建立的贝叶斯多层模型国家估计,national,modelled,模型估计，不是逐国实测：数据稀少的国家由区域模式补齐，不确定区间很宽。各国原始调查的年份、年龄范围与问法不同。自陈调查普遍低报，真实比例可能更高。**本站的这份表是转录，尚未与原始文件逐行核对，引用前请打开来源核实。**,"世界卫生组织《Violence against women prevalence estimates, 2018》",https://www.who.int/publications/i/item/9789240022256
DZA,ipv-lifetime,19,15–49 岁，曾有过伴侣的女性,曾有过伴侣的女性中，一生中至少经历过一次伴侣施加的身体暴力或性暴力,2018,2021-03-09,世界卫生组织汇总 161 个国家/地区共 366 项人口调查（约 200 万名女性）建立的贝叶斯多层模型国家估计,national,modelled,模型估计，不是逐国实测：数据稀少的国家由区域模式补齐，不确定区间很宽。各国原始调查的年份、年龄范围与问法不同。自陈调查普遍低报，真实比例可能更高。**本站的这份表是转录，尚未与原始文件逐行核对，引用前请打开来源核实。**,"世界卫生组织《Violence against women prevalence estimates, 2018》",https://www.who.int/publications/i/item/9789240022256
ECU,ipv-lifetime,24,15–49 岁，曾有过伴侣的女性,曾有过伴侣的女性中，一生中至少经历过一次伴侣施加的身体暴力或性暴力,2018,2021-03-09,世界卫生组织汇总 161 个国家/地区共 366 项人口调查（约 200 万名女性）建立的贝叶斯多层模型国家估计,national,modelled,模型估计，不是逐国实测：数据稀少的国家由区域模式补齐，不确定区间很宽。各国原始调查的年份、年龄范围与问法不同。自陈调查普遍低报，真实比例可能更高。**本站的这份表是转录，尚未与原始文件逐行核对，引用前请打开来源核实。**,"世界卫生组织《Violence against women prevalence estimates, 2018》",https://www.who.int/publications/i/item/9789240022256
EGY,ipv-lifetime,26,15–49 岁，曾有过伴侣的女性,曾有过伴侣的女性中，一生中至少经历过一次伴侣施加的身体暴力或性暴力,2018,2021-03-09,世界卫生组织汇总 161 个国家/地区共 366 项人口调查（约 200 万名女性）建立的贝叶斯多层模型国家估计,national,modelled,模型估计，不是逐国实测：数据稀少的国家由区域模式补齐，不确定区间很宽。各国原始调查的年份、年龄范围与问法不同。自陈调查普遍低报，真实比例可能更高。**本站的这份表是转录，尚未与原始文件逐行核对，引用前请打开来源核实。**,"世界卫生组织《Violence against women prevalence estimates, 2018》",https://www.who.int/publications/i/item/9789240022256
ERI,ipv-lifetime,27,15–49 岁，曾有过伴侣的女性,曾有过伴侣的女性中，一生中至少经历过一次伴侣施加的身体暴力或性暴力,2018,2021-03-09,世界卫生组织汇总 161 个国家/地区共 366 项人口调查（约 200 万名女性）建立的贝叶斯多层模型国家估计,national,modelled,模型估计，不是逐国实测：数据稀少的国家由区域模式补齐，不确定区间很宽。各国原始调查的年份、年龄范围与问法不同。自陈调查普遍低报，真实比例可能更高。**本站的这份表是转录，尚未与原始文件逐行核对，引用前请打开来源核实。**,"世界卫生组织《Violence against women prevalence estimates, 2018》",https://www.who.int/publications/i/item/9789240022256
ESP,ipv-lifetime,13,15–49 岁，曾有过伴侣的女性,曾有过伴侣的女性中，一生中至少经历过一次伴侣施加的身体暴力或性暴力,2018,2021-03-09,世界卫生组织汇总 161 个国家/地区共 366 项人口调查（约 200 万名女性）建立的贝叶斯多层模型国家估计,national,modelled,模型估计，不是逐国实测：数据稀少的国家由区域模式补齐，不确定区间很宽。各国原始调查的年份、年龄范围与问法不同。自陈调查普遍低报，真实比例可能更高。**本站的这份表是转录，尚未与原始文件逐行核对，引用前请打开来源核实。**,"世界卫生组织《Violence against women prevalence estimates, 2018》",https://www.who.int/publications/i/item/9789240022256
EST,ipv-lifetime,14,15–49 岁，曾有过伴侣的女性,曾有过伴侣的女性中，一生中至少经历过一次伴侣施加的身体暴力或性暴力,2018,2021-03-09,世界卫生组织汇总 161 个国家/地区共 366 项人口调查（约 200 万名女性）建立的贝叶斯多层模型国家估计,national,modelled,模型估计，不是逐国实测：数据稀少的国家由区域模式补齐，不确定区间很宽。各国原始调查的年份、年龄范围与问法不同。自陈调查普遍低报，真实比例可能更高。**本站的这份表是转录，尚未与原始文件逐行核对，引用前请打开来源核实。**,"世界卫生组织《Violence against women prevalence estimates, 2018》",https://www.who.int/publications/i/item/9789240022256
ETH,ipv-lifetime,34,15–49 岁，曾有过伴侣的女性,曾有过伴侣的女性中，一生中至少经历过一次伴侣施加的身体暴力或性暴力,2018,2021-03-09,世界卫生组织汇总 161 个国家/地区共 366 项人口调查（约 200 万名女性）建立的贝叶斯多层模型国家估计,national,modelled,模型估计，不是逐国实测：数据稀少的国家由区域模式补齐，不确定区间很宽。各国原始调查的年份、年龄范围与问法不同。自陈调查普遍低报，真实比例可能更高。**本站的这份表是转录，尚未与原始文件逐行核对，引用前请打开来源核实。**,"世界卫生组织《Violence against women prevalence estimates, 2018》",https://www.who.int/publications/i/item/9789240022256
FIN,ipv-lifetime,19,15–49 岁，曾有过伴侣的女性,曾有过伴侣的女性中，一生中至少经历过一次伴侣施加的身体暴力或性暴力,2018,2021-03-09,世界卫生组织汇总 161 个国家/地区共 366 项人口调查（约 200 万名女性）建立的贝叶斯多层模型国家估计,national,modelled,模型估计，不是逐国实测：数据稀少的国家由区域模式补齐，不确定区间很宽。各国原始调查的年份、年龄范围与问法不同。自陈调查普遍低报，真实比例可能更高。**本站的这份表是转录，尚未与原始文件逐行核对，引用前请打开来源核实。**,"世界卫生组织《Violence against women prevalence estimates, 2018》",https://www.who.int/publications/i/item/9789240022256
FJI,ipv-lifetime,40,15–49 岁，曾有过伴侣的女性,曾有过伴侣的女性中，一生中至少经历过一次伴侣施加的身体暴力或性暴力,2018,2021-03-09,世界卫生组织汇总 161 个国家/地区共 366 项人口调查（约 200 万名女性）建立的贝叶斯多层模型国家估计,national,modelled,模型估计，不是逐国实测：数据稀少的国家由区域模式补齐，不确定区间很宽。各国原始调查的年份、年龄范围与问法不同。自陈调查普遍低报，真实比例可能更高。**本站的这份表是转录，尚未与原始文件逐行核对，引用前请打开来源核实。**,"世界卫生组织《Violence against women prevalence estimates, 2018》",https://www.who.int/publications/i/item/9789240022256
FRA,ipv-lifetime,15,15–49 岁，曾有过伴侣的女性,曾有过伴侣的女性中，一生中至少经历过一次伴侣施加的身体暴力或性暴力,2018,2021-03-09,世界卫生组织汇总 161 个国家/地区共 366 项人口调查（约 200 万名女性）建立的贝叶斯多层模型国家估计,national,modelled,模型估计，不是逐国实测：数据稀少的国家由区域模式补齐，不确定区间很宽。各国原始调查的年份、年龄范围与问法不同。自陈调查普遍低报，真实比例可能更高。**本站的这份表是转录，尚未与原始文件逐行核对，引用前请打开来源核实。**,"世界卫生组织《Violence against women prevalence estimates, 2018》",https://www.who.int/publications/i/item/9789240022256
GAB,ipv-lifetime,33,15–49 岁，曾有过伴侣的女性,曾有过伴侣的女性中，一生中至少经历过一次伴侣施加的身体暴力或性暴力,2018,2021-03-09,世界卫生组织汇总 161 个国家/地区共 366 项人口调查（约 200 万名女性）建立的贝叶斯多层模型国家估计,national,modelled,模型估计，不是逐国实测：数据稀少的国家由区域模式补齐，不确定区间很宽。各国原始调查的年份、年龄范围与问法不同。自陈调查普遍低报，真实比例可能更高。**本站的这份表是转录，尚未与原始文件逐行核对，引用前请打开来源核实。**,"世界卫生组织《Violence against women prevalence estimates, 2018》",https://www.who.int/publications/i/item/9789240022256
GBR,ipv-lifetime,20,15–49 岁，曾有过伴侣的女性,曾有过伴侣的女性中，一生中至少经历过一次伴侣施加的身体暴力或性暴力,2018,2021-03-09,世界卫生组织汇总 161 个国家/地区共 366 项人口调查（约 200 万名女性）建立的贝叶斯多层模型国家估计,national,modelled,模型估计，不是逐国实测：数据稀少的国家由区域模式补齐，不确定区间很宽。各国原始调查的年份、年龄范围与问法不同。自陈调查普遍低报，真实比例可能更高。**本站的这份表是转录，尚未与原始文件逐行核对，引用前请打开来源核实。**,"世界卫生组织《Violence against women prevalence estimates, 2018》",https://www.who.int/publications/i/item/9789240022256
GEO,ipv-lifetime,10,15–49 岁，曾有过伴侣的女性,曾有过伴侣的女性中，一生中至少经历过一次伴侣施加的身体暴力或性暴力,2018,2021-03-09,世界卫生组织汇总 161 个国家/地区共 366 项人口调查（约 200 万名女性）建立的贝叶斯多层模型国家估计,national,modelled,模型估计，不是逐国实测：数据稀少的国家由区域模式补齐，不确定区间很宽。各国原始调查的年份、年龄范围与问法不同。自陈调查普遍低报，真实比例可能更高。**本站的这份表是转录，尚未与原始文件逐行核对，引用前请打开来源核实。**,"世界卫生组织《Violence against women prevalence estimates, 2018》",https://www.who.int/publications/i/item/9789240022256
GHA,ipv-lifetime,24,15–49 岁，曾有过伴侣的女性,曾有过伴侣的女性中，一生中至少经历过一次伴侣施加的身体暴力或性暴力,2018,2021-03-09,世界卫生组织汇总 161 个国家/地区共 366 项人口调查（约 200 万名女性）建立的贝叶斯多层模型国家估计,national,modelled,模型估计，不是逐国实测：数据稀少的国家由区域模式补齐，不确定区间很宽。各国原始调查的年份、年龄范围与问法不同。自陈调查普遍低报，真实比例可能更高。**本站的这份表是转录，尚未与原始文件逐行核对，引用前请打开来源核实。**,"世界卫生组织《Violence against women prevalence estimates, 2018》",https://www.who.int/publications/i/item/9789240022256
GIN,ipv-lifetime,33,15–49 岁，曾有过伴侣的女性,曾有过伴侣的女性中，一生中至少经历过一次伴侣施加的身体暴力或性暴力,2018,2021-03-09,世界卫生组织汇总 161 个国家/地区共 366 项人口调查（约 200 万名女性）建立的贝叶斯多层模型国家估计,national,modelled,模型估计，不是逐国实测：数据稀少的国家由区域模式补齐，不确定区间很宽。各国原始调查的年份、年龄范围与问法不同。自陈调查普遍低报，真实比例可能更高。**本站的这份表是转录，尚未与原始文件逐行核对，引用前请打开来源核实。**,"世界卫生组织《Violence against women prevalence estimates, 2018》",https://www.who.int/publications/i/item/9789240022256
GMB,ipv-lifetime,20,15–49 岁，曾有过伴侣的女性,曾有过伴侣的女性中，一生中至少经历过一次伴侣施加的身体暴力或性暴力,2018,2021-03-09,世界卫生组织汇总 161 个国家/地区共 366 项人口调查（约 200 万名女性）建立的贝叶斯多层模型国家估计,national,modelled,模型估计，不是逐国实测：数据稀少的国家由区域模式补齐，不确定区间很宽。各国原始调查的年份、年龄范围与问法不同。自陈调查普遍低报，真实比例可能更高。**本站的这份表是转录，尚未与原始文件逐行核对，引用前请打开来源核实。**,"世界卫生组织《Violence against women prevalence estimates, 2018》",https://www.who.int/publications/i/item/9789240022256
GNB,ipv-lifetime,26,15–49 岁，曾有过伴侣的女性,曾有过伴侣的女性中，一生中至少经历过一次伴侣施加的身体暴力或性暴力,2018,2021-03-09,世界卫生组织汇总 161 个国家/地区共 366 项人口调查（约 200 万名女性）建立的贝叶斯多层模型国家估计,national,modelled,模型估计，不是逐国实测：数据稀少的国家由区域模式补齐，不确定区间很宽。各国原始调查的年份、年龄范围与问法不同。自陈调查普遍低报，真实比例可能更高。**本站的这份表是转录，尚未与原始文件逐行核对，引用前请打开来源核实。**,"世界卫生组织《Violence against women prevalence estimates, 2018》",https://www.who.int/publications/i/item/9789240022256
GNQ,ipv-lifetime,44,15–49 岁，曾有过伴侣的女性,曾有过伴侣的女性中，一生中至少经历过一次伴侣施加的身体暴力或性暴力,2018,2021-03-09,世界卫生组织汇总 161 个国家/地区共 366 项人口调查（约 200 万名女性）建立的贝叶斯多层模型国家估计,national,modelled,模型估计，不是逐国实测：数据稀少的国家由区域模式补齐，不确定区间很宽。各国原始调查的年份、年龄范围与问法不同。自陈调查普遍低报，真实比例可能更高。**本站的这份表是转录，尚未与原始文件逐行核对，引用前请打开来源核实。**,"世界卫生组织《Violence against women prevalence estimates, 2018》",https://www.who.int/publications/i/item/9789240022256
GRC,ipv-lifetime,10,15–49 岁，曾有过伴侣的女性,曾有过伴侣的女性中，一生中至少经历过一次伴侣施加的身体暴力或性暴力,2018,2021-03-09,世界卫生组织汇总 161 个国家/地区共 366 项人口调查（约 200 万名女性）建立的贝叶斯多层模型国家估计,national,modelled,模型估计，不是逐国实测：数据稀少的国家由区域模式补齐，不确定区间很宽。各国原始调查的年份、年龄范围与问法不同。自陈调查普遍低报，真实比例可能更高。**本站的这份表是转录，尚未与原始文件逐行核对，引用前请打开来源核实。**,"世界卫生组织《Violence against women prevalence estimates, 2018》",https://www.who.int/publications/i/item/9789240022256
GTM,ipv-lifetime,20,15–49 岁，曾有过伴侣的女性,曾有过伴侣的女性中，一生中至少经历过一次伴侣施加的身体暴力或性暴力,2018,2021-03-09,世界卫生组织汇总 161 个国家/地区共 366 项人口调查（约 200 万名女性）建立的贝叶斯多层模型国家估计,national,modelled,模型估计，不是逐国实测：数据稀少的国家由区域模式补齐，不确定区间很宽。各国原始调查的年份、年龄范围与问法不同。自陈调查普遍低报，真实比例可能更高。**本站的这份表是转录，尚未与原始文件逐行核对，引用前请打开来源核实。**,"世界卫生组织《Violence against women prevalence estimates, 2018》",https://www.who.int/publications/i/item/9789240022256
GUY,ipv-lifetime,26,15–49 岁，曾有过伴侣的女性,曾有过伴侣的女性中，一生中至少经历过一次伴侣施加的身体暴力或性暴力,2018,2021-03-09,世界卫生组织汇总 161 个国家/地区共 366 项人口调查（约 200 万名女性）建立的贝叶斯多层模型国家估计,national,modelled,模型估计，不是逐国实测：数据稀少的国家由区域模式补齐，不确定区间很宽。各国原始调查的年份、年龄范围与问法不同。自陈调查普遍低报，真实比例可能更高。**本站的这份表是转录，尚未与原始文件逐行核对，引用前请打开来源核实。**,"世界卫生组织《Violence against women prevalence estimates, 2018》",https://www.who.int/publications/i/item/9789240022256
HKG,ipv-lifetime,12,15–49 岁，曾有过伴侣的女性,曾有过伴侣的女性中，一生中至少经历过一次伴侣施加的身体暴力或性暴力,2018,2021-03-09,世界卫生组织汇总 161 个国家/地区共 366 项人口调查（约 200 万名女性）建立的贝叶斯多层模型国家估计,national,modelled,模型估计，不是逐国实测：数据稀少的国家由区域模式补齐，不确定区间很宽。各国原始调查的年份、年龄范围与问法不同。自陈调查普遍低报，真实比例可能更高。**本站的这份表是转录，尚未与原始文件逐行核对，引用前请打开来源核实。**,"世界卫生组织《Violence against women prevalence estimates, 2018》",https://www.who.int/publications/i/item/9789240022256
HND,ipv-lifetime,21,15–49 岁，曾有过伴侣的女性,曾有过伴侣的女性中，一生中至少经历过一次伴侣施加的身体暴力或性暴力,2018,2021-03-09,世界卫生组织汇总 161 个国家/地区共 366 项人口调查（约 200 万名女性）建立的贝叶斯多层模型国家估计,national,modelled,模型估计，不是逐国实测：数据稀少的国家由区域模式补齐，不确定区间很宽。各国原始调查的年份、年龄范围与问法不同。自陈调查普遍低报，真实比例可能更高。**本站的这份表是转录，尚未与原始文件逐行核对，引用前请打开来源核实。**,"世界卫生组织《Violence against women prevalence estimates, 2018》",https://www.who.int/publications/i/item/9789240022256
HRV,ipv-lifetime,12,15–49 岁，曾有过伴侣的女性,曾有过伴侣的女性中，一生中至少经历过一次伴侣施加的身体暴力或性暴力,2018,2021-03-09,世界卫生组织汇总 161 个国家/地区共 366 项人口调查（约 200 万名女性）建立的贝叶斯多层模型国家估计,national,modelled,模型估计，不是逐国实测：数据稀少的国家由区域模式补齐，不确定区间很宽。各国原始调查的年份、年龄范围与问法不同。自陈调查普遍低报，真实比例可能更高。**本站的这份表是转录，尚未与原始文件逐行核对，引用前请打开来源核实。**,"世界卫生组织《Violence against women prevalence estimates, 2018》",https://www.who.int/publications/i/item/9789240022256
HTI,ipv-lifetime,25,15–49 岁，曾有过伴侣的女性,曾有过伴侣的女性中，一生中至少经历过一次伴侣施加的身体暴力或性暴力,2018,2021-03-09,世界卫生组织汇总 161 个国家/地区共 366 项人口调查（约 200 万名女性）建立的贝叶斯多层模型国家估计,national,modelled,模型估计，不是逐国实测：数据稀少的国家由区域模式补齐，不确定区间很宽。各国原始调查的年份、年龄范围与问法不同。自陈调查普遍低报，真实比例可能更高。**本站的这份表是转录，尚未与原始文件逐行核对，引用前请打开来源核实。**,"世界卫生组织《Violence against women prevalence estimates, 2018》",https://www.who.int/publications/i/item/9789240022256
HUN,ipv-lifetime,15,15–49 岁，曾有过伴侣的女性,曾有过伴侣的女性中，一生中至少经历过一次伴侣施加的身体暴力或性暴力,2018,2021-03-09,世界卫生组织汇总 161 个国家/地区共 366 项人口调查（约 200 万名女性）建立的贝叶斯多层模型国家估计,national,modelled,模型估计，不是逐国实测：数据稀少的国家由区域模式补齐，不确定区间很宽。各国原始调查的年份、年龄范围与问法不同。自陈调查普遍低报，真实比例可能更高。**本站的这份表是转录，尚未与原始文件逐行核对，引用前请打开来源核实。**,"世界卫生组织《Violence against women prevalence estimates, 2018》",https://www.who.int/publications/i/item/9789240022256
IDN,ipv-lifetime,18,15–49 岁，曾有过伴侣的女性,曾有过伴侣的女性中，一生中至少经历过一次伴侣施加的身体暴力或性暴力,2018,2021-03-09,世界卫生组织汇总 161 个国家/地区共 366 项人口调查（约 200 万名女性）建立的贝叶斯多层模型国家估计,national,modelled,模型估计，不是逐国实测：数据稀少的国家由区域模式补齐，不确定区间很宽。各国原始调查的年份、年龄范围与问法不同。自陈调查普遍低报，真实比例可能更高。**本站的这份表是转录，尚未与原始文件逐行核对，引用前请打开来源核实。**,"世界卫生组织《Violence against women prevalence estimates, 2018》",https://www.who.int/publications/i/item/9789240022256
IND,ipv-lifetime,35,15–49 岁，曾有过伴侣的女性,曾有过伴侣的女性中，一生中至少经历过一次伴侣施加的身体暴力或性暴力,2018,2021-03-09,世界卫生组织汇总 161 个国家/地区共 366 项人口调查（约 200 万名女性）建立的贝叶斯多层模型国家估计,national,modelled,模型估计，不是逐国实测：数据稀少的国家由区域模式补齐，不确定区间很宽。各国原始调查的年份、年龄范围与问法不同。自陈调查普遍低报，真实比例可能更高。**本站的这份表是转录，尚未与原始文件逐行核对，引用前请打开来源核实。**,"世界卫生组织《Violence against women prevalence estimates, 2018》",https://www.who.int/publications/i/item/9789240022256
IRL,ipv-lifetime,12,15–49 岁，曾有过伴侣的女性,曾有过伴侣的女性中，一生中至少经历过一次伴侣施加的身体暴力或性暴力,2018,2021-03-09,世界卫生组织汇总 161 个国家/地区共 366 项人口调查（约 200 万名女性）建立的贝叶斯多层模型国家估计,national,modelled,模型估计，不是逐国实测：数据稀少的国家由区域模式补齐，不确定区间很宽。各国原始调查的年份、年龄范围与问法不同。自陈调查普遍低报，真实比例可能更高。**本站的这份表是转录，尚未与原始文件逐行核对，引用前请打开来源核实。**,"世界卫生组织《Violence against women prevalence estimates, 2018》",https://www.who.int/publications/i/item/9789240022256
IRN,ipv-lifetime,30,15–49 岁，曾有过伴侣的女性,曾有过伴侣的女性中，一生中至少经历过一次伴侣施加的身体暴力或性暴力,2018,2021-03-09,世界卫生组织汇总 161 个国家/地区共 366 项人口调查（约 200 万名女性）建立的贝叶斯多层模型国家估计,national,modelled,模型估计，不是逐国实测：数据稀少的国家由区域模式补齐，不确定区间很宽。各国原始调查的年份、年龄范围与问法不同。自陈调查普遍低报，真实比例可能更高。**本站的这份表是转录，尚未与原始文件逐行核对，引用前请打开来源核实。**,"世界卫生组织《Violence against women prevalence estimates, 2018》",https://www.who.int/publications/i/item/9789240022256
IRQ,ipv-lifetime,26,15–49 岁，曾有过伴侣的女性,曾有过伴侣的女性中，一生中至少经历过一次伴侣施加的身体暴力或性暴力,2018,2021-03-09,世界卫生组织汇总 161 个国家/地区共 366 项人口调查（约 200 万名女性）建立的贝叶斯多层模型国家估计,national,modelled,模型估计，不是逐国实测：数据稀少的国家由区域模式补齐，不确定区间很宽。各国原始调查的年份、年龄范围与问法不同。自陈调查普遍低报，真实比例可能更高。**本站的这份表是转录，尚未与原始文件逐行核对，引用前请打开来源核实。**,"世界卫生组织《Violence against women prevalence estimates, 2018》",https://www.who.int/publications/i/item/9789240022256
ISL,ipv-lifetime,16,15–49 岁，曾有过伴侣的女性,曾有过伴侣的女性中，一生中至少经历过一次伴侣施加的身体暴力或性暴力,2018,2021-03-09,世界卫生组织汇总 161 个国家/地区共 366 项人口调查（约 200 万名女性）建立的贝叶斯多层模型国家估计,national,modelled,模型估计，不是逐国实测：数据稀少的国家由区域模式补齐，不确定区间很宽。各国原始调查的年份、年龄范围与问法不同。自陈调查普遍低报，真实比例可能更高。**本站的这份表是转录，尚未与原始文件逐行核对，引用前请打开来源核实。**,"世界卫生组织《Violence against women prevalence estimates, 2018》",https://www.who.int/publications/i/item/9789240022256
ISR,ipv-lifetime,15,15–49 岁，曾有过伴侣的女性,曾有过伴侣的女性中，一生中至少经历过一次伴侣施加的身体暴力或性暴力,2018,2021-03-09,世界卫生组织汇总 161 个国家/地区共 366 项人口调查（约 200 万名女性）建立的贝叶斯多层模型国家估计,national,modelled,模型估计，不是逐国实测：数据稀少的国家由区域模式补齐，不确定区间很宽。各国原始调查的年份、年龄范围与问法不同。自陈调查普遍低报，真实比例可能更高。**本站的这份表是转录，尚未与原始文件逐行核对，引用前请打开来源核实。**,"世界卫生组织《Violence against women prevalence estimates, 2018》",https://www.who.int/publications/i/item/9789240022256
ITA,ipv-lifetime,12,15–49 岁，曾有过伴侣的女性,曾有过伴侣的女性中，一生中至少经历过一次伴侣施加的身体暴力或性暴力,2018,2021-03-09,世界卫生组织汇总 161 个国家/地区共 366 项人口调查（约 200 万名女性）建立的贝叶斯多层模型国家估计,national,modelled,模型估计，不是逐国实测：数据稀少的国家由区域模式补齐，不确定区间很宽。各国原始调查的年份、年龄范围与问法不同。自陈调查普遍低报，真实比例可能更高。**本站的这份表是转录，尚未与原始文件逐行核对，引用前请打开来源核实。**,"世界卫生组织《Violence against women prevalence estimates, 2018》",https://www.who.int/publications/i/item/9789240022256
JAM,ipv-lifetime,25,15–49 岁，曾有过伴侣的女性,曾有过伴侣的女性中，一生中至少经历过一次伴侣施加的身体暴力或性暴力,2018,2021-03-09,世界卫生组织汇总 161 个国家/地区共 366 项人口调查（约 200 万名女性）建立的贝叶斯多层模型国家估计,national,modelled,模型估计，不是逐国实测：数据稀少的国家由区域模式补齐，不确定区间很宽。各国原始调查的年份、年龄范围与问法不同。自陈调查普遍低报，真实比例可能更高。**本站的这份表是转录，尚未与原始文件逐行核对，引用前请打开来源核实。**,"世界卫生组织《Violence against women prevalence estimates, 2018》",https://www.who.int/publications/i/item/9789240022256
JOR,ipv-lifetime,21,15–49 岁，曾有过伴侣的女性,曾有过伴侣的女性中，一生中至少经历过一次伴侣施加的身体暴力或性暴力,2018,2021-03-09,世界卫生组织汇总 161 个国家/地区共 366 项人口调查（约 200 万名女性）建立的贝叶斯多层模型国家估计,national,modelled,模型估计，不是逐国实测：数据稀少的国家由区域模式补齐，不确定区间很宽。各国原始调查的年份、年龄范围与问法不同。自陈调查普遍低报，真实比例可能更高。**本站的这份表是转录，尚未与原始文件逐行核对，引用前请打开来源核实。**,"世界卫生组织《Violence against women prevalence estimates, 2018》",https://www.who.int/publications/i/item/9789240022256
JPN,ipv-lifetime,15,15–49 岁，曾有过伴侣的女性,曾有过伴侣的女性中，一生中至少经历过一次伴侣施加的身体暴力或性暴力,2018,2021-03-09,世界卫生组织汇总 161 个国家/地区共 366 项人口调查（约 200 万名女性）建立的贝叶斯多层模型国家估计,national,modelled,模型估计，不是逐国实测：数据稀少的国家由区域模式补齐，不确定区间很宽。各国原始调查的年份、年龄范围与问法不同。自陈调查普遍低报，真实比例可能更高。**本站的这份表是转录，尚未与原始文件逐行核对，引用前请打开来源核实。**,"世界卫生组织《Violence against women prevalence estimates, 2018》",https://www.who.int/publications/i/item/9789240022256
KAZ,ipv-lifetime,15,15–49 岁，曾有过伴侣的女性,曾有过伴侣的女性中，一生中至少经历过一次伴侣施加的身体暴力或性暴力,2018,2021-03-09,世界卫生组织汇总 161 个国家/地区共 366 项人口调查（约 200 万名女性）建立的贝叶斯多层模型国家估计,national,modelled,模型估计，不是逐国实测：数据稀少的国家由区域模式补齐，不确定区间很宽。各国原始调查的年份、年龄范围与问法不同。自陈调查普遍低报，真实比例可能更高。**本站的这份表是转录，尚未与原始文件逐行核对，引用前请打开来源核实。**,"世界卫生组织《Violence against women prevalence estimates, 2018》",https://www.who.int/publications/i/item/9789240022256
KEN,ipv-lifetime,34,15–49 岁，曾有过伴侣的女性,曾有过伴侣的女性中，一生中至少经历过一次伴侣施加的身体暴力或性暴力,2018,2021-03-09,世界卫生组织汇总 161 个国家/地区共 366 项人口调查（约 200 万名女性）建立的贝叶斯多层模型国家估计,national,modelled,模型估计，不是逐国实测：数据稀少的国家由区域模式补齐，不确定区间很宽。各国原始调查的年份、年龄范围与问法不同。自陈调查普遍低报，真实比例可能更高。**本站的这份表是转录，尚未与原始文件逐行核对，引用前请打开来源核实。**,"世界卫生组织《Violence against women prevalence estimates, 2018》",https://www.who.int/publications/i/item/9789240022256
KGZ,ipv-lifetime,21,15–49 岁，曾有过伴侣的女性,曾有过伴侣的女性中，一生中至少经历过一次伴侣施加的身体暴力或性暴力,2018,2021-03-09,世界卫生组织汇总 161 个国家/地区共 366 项人口调查（约 200 万名女性）建立的贝叶斯多层模型国家估计,national,modelled,模型估计，不是逐国实测：数据稀少的国家由区域模式补齐，不确定区间很宽。各国原始调查的年份、年龄范围与问法不同。自陈调查普遍低报，真实比例可能更高。**本站的这份表是转录，尚未与原始文件逐行核对，引用前请打开来源核实。**,"世界卫生组织《Violence against women prevalence estimates, 2018》",https://www.who.int/publications/i/item/9789240022256
KHM,ipv-lifetime,21,15–49 岁，曾有过伴侣的女性,曾有过伴侣的女性中，一生中至少经历过一次伴侣施加的身体暴力或性暴力,2018,2021-03-09,世界卫生组织汇总 161 个国家/地区共 366 项人口调查（约 200 万名女性）建立的贝叶斯多层模型国家估计,national,modelled,模型估计，不是逐国实测：数据稀少的国家由区域模式补齐，不确定区间很宽。各国原始调查的年份、年龄范围与问法不同。自陈调查普遍低报，真实比例可能更高。**本站的这份表是转录，尚未与原始文件逐行核对，引用前请打开来源核实。**,"世界卫生组织《Violence against women prevalence estimates, 2018》",https://www.who.int/publications/i/item/9789240022256
KIR,ipv-lifetime,51,15–49 岁，曾有过伴侣的女性,曾有过伴侣的女性中，一生中至少经历过一次伴侣施加的身体暴力或性暴力,2018,2021-03-09,世界卫生组织汇总 161 个国家/地区共 366 项人口调查（约 200 万名女性）建立的贝叶斯多层模型国家估计,national,modelled,模型估计，不是逐国实测：数据稀少的国家由区域模式补齐，不确定区间很宽。各国原始调查的年份、年龄范围与问法不同。自陈调查普遍低报，真实比例可能更高。**本站的这份表是转录，尚未与原始文件逐行核对，引用前请打开来源核实。**,"世界卫生组织《Violence against women prevalence estimates, 2018》",https://www.who.int/publications/i/item/9789240022256
KOR,ipv-lifetime,15,15–49 岁，曾有过伴侣的女性,曾有过伴侣的女性中，一生中至少经历过一次伴侣施加的身体暴力或性暴力,2018,2021-03-09,世界卫生组织汇总 161 个国家/地区共 366 项人口调查（约 200 万名女性）建立的贝叶斯多层模型国家估计,national,modelled,模型估计，不是逐国实测：数据稀少的国家由区域模式补齐，不确定区间很宽。各国原始调查的年份、年龄范围与问法不同。自陈调查普遍低报，真实比例可能更高。**本站的这份表是转录，尚未与原始文件逐行核对，引用前请打开来源核实。**,"世界卫生组织《Violence against women prevalence estimates, 2018》",https://www.who.int/publications/i/item/9789240022256
KWT,ipv-lifetime,15,15–49 岁，曾有过伴侣的女性,曾有过伴侣的女性中，一生中至少经历过一次伴侣施加的身体暴力或性暴力,2018,2021-03-09,世界卫生组织汇总 161 个国家/地区共 366 项人口调查（约 200 万名女性）建立的贝叶斯多层模型国家估计,national,modelled,模型估计，不是逐国实测：数据稀少的国家由区域模式补齐，不确定区间很宽。各国原始调查的年份、年龄范围与问法不同。自陈调查普遍低报，真实比例可能更高。**本站的这份表是转录，尚未与原始文件逐行核对，引用前请打开来源核实。**,"世界卫生组织《Violence against women prevalence estimates, 2018》",https://www.who.int/publications/i/item/9789240022256
LAO,ipv-lifetime,18,15–49 岁，曾有过伴侣的女性,曾有过伴侣的女性中，一生中至少经历过一次伴侣施加的身体暴力或性暴力,2018,2021-03-09,世界卫生组织汇总 161 个国家/地区共 366 项人口调查（约 200 万名女性）建立的贝叶斯多层模型国家估计,national,modelled,模型估计，不是逐国实测：数据稀少的国家由区域模式补齐，不确定区间很宽。各国原始调查的年份、年龄范围与问法不同。自陈调查普遍低报，真实比例可能更高。**本站的这份表是转录，尚未与原始文件逐行核对，引用前请打开来源核实。**,"世界卫生组织《Violence against women prevalence estimates, 2018》",https://www.who.int/publications/i/item/9789240022256
LBN,ipv-lifetime,20,15–49 岁，曾有过伴侣的女性,曾有过伴侣的女性中，一生中至少经历过一次伴侣施加的身体暴力或性暴力,2018,2021-03-09,世界卫生组织汇总 161 个国家/地区共 366 项人口调查（约 200 万名女性）建立的贝叶斯多层模型国家估计,national,modelled,模型估计，不是逐国实测：数据稀少的国家由区域模式补齐，不确定区间很宽。各国原始调查的年份、年龄范围与问法不同。自陈调查普遍低报，真实比例可能更高。**本站的这份表是转录，尚未与原始文件逐行核对，引用前请打开来源核实。**,"世界卫生组织《Violence against women prevalence estimates, 2018》",https://www.who.int/publications/i/item/9789240022256
LBR,ipv-lifetime,39,15–49 岁，曾有过伴侣的女性,曾有过伴侣的女性中，一生中至少经历过一次伴侣施加的身体暴力或性暴力,2018,2021-03-09,世界卫生组织汇总 161 个国家/地区共 366 项人口调查（约 200 万名女性）建立的贝叶斯多层模型国家估计,national,modelled,模型估计，不是逐国实测：数据稀少的国家由区域模式补齐，不确定区间很宽。各国原始调查的年份、年龄范围与问法不同。自陈调查普遍低报，真实比例可能更高。**本站的这份表是转录，尚未与原始文件逐行核对，引用前请打开来源核实。**,"世界卫生组织《Violence against women prevalence estimates, 2018》",https://www.who.int/publications/i/item/9789240022256
LBY,ipv-lifetime,22,15–49 岁，曾有过伴侣的女性,曾有过伴侣的女性中，一生中至少经历过一次伴侣施加的身体暴力或性暴力,2018,2021-03-09,世界卫生组织汇总 161 个国家/地区共 366 项人口调查（约 200 万名女性）建立的贝叶斯多层模型国家估计,national,modelled,模型估计，不是逐国实测：数据稀少的国家由区域模式补齐，不确定区间很宽。各国原始调查的年份、年龄范围与问法不同。自陈调查普遍低报，真实比例可能更高。**本站的这份表是转录，尚未与原始文件逐行核对，引用前请打开来源核实。**,"世界卫生组织《Violence against women prevalence estimates, 2018》",https://www.who.int/publications/i/item/9789240022256
LKA,ipv-lifetime,20,15–49 岁，曾有过伴侣的女性,曾有过伴侣的女性中，一生中至少经历过一次伴侣施加的身体暴力或性暴力,2018,2021-03-09,世界卫生组织汇总 161 个国家/地区共 366 项人口调查（约 200 万名女性）建立的贝叶斯多层模型国家估计,national,modelled,模型估计，不是逐国实测：数据稀少的国家由区域模式补齐，不确定区间很宽。各国原始调查的年份、年龄范围与问法不同。自陈调查普遍低报，真实比例可能更高。**本站的这份表是转录，尚未与原始文件逐行核对，引用前请打开来源核实。**,"世界卫生组织《Violence against women prevalence estimates, 2018》",https://www.who.int/publications/i/item/9789240022256
LSO,ipv-lifetime,32,15–49 岁，曾有过伴侣的女性,曾有过伴侣的女性中，一生中至少经历过一次伴侣施加的身体暴力或性暴力,2018,2021-03-09,世界卫生组织汇总 161 个国家/地区共 366 项人口调查（约 200 万名女性）建立的贝叶斯多层模型国家估计,national,modelled,模型估计，不是逐国实测：数据稀少的国家由区域模式补齐，不确定区间很宽。各国原始调查的年份、年龄范围与问法不同。自陈调查普遍低报，真实比例可能更高。**本站的这份表是转录，尚未与原始文件逐行核对，引用前请打开来源核实。**,"世界卫生组织《Violence against women prevalence estimates, 2018》",https://www.who.int/publications/i/item/9789240022256
LTU,ipv-lifetime,16,15–49 岁，曾有过伴侣的女性,曾有过伴侣的女性中，一生中至少经历过一次伴侣施加的身体暴力或性暴力,2018,2021-03-09,世界卫生组织汇总 161 个国家/地区共 366 项人口调查（约 200 万名女性）建立的贝叶斯多层模型国家估计,national,modelled,模型估计，不是逐国实测：数据稀少的国家由区域模式补齐，不确定区间很宽。各国原始调查的年份、年龄范围与问法不同。自陈调查普遍低报，真实比例可能更高。**本站的这份表是转录，尚未与原始文件逐行核对，引用前请打开来源核实。**,"世界卫生组织《Violence against women prevalence estimates, 2018》",https://www.who.int/publications/i/item/9789240022256
LUX,ipv-lifetime,12,15–49 岁，曾有过伴侣的女性,曾有过伴侣的女性中，一生中至少经历过一次伴侣施加的身体暴力或性暴力,2018,2021-03-09,世界卫生组织汇总 161 个国家/地区共 366 项人口调查（约 200 万名女性）建立的贝叶斯多层模型国家估计,national,modelled,模型估计，不是逐国实测：数据稀少的国家由区域模式补齐，不确定区间很宽。各国原始调查的年份、年龄范围与问法不同。自陈调查普遍低报，真实比例可能更高。**本站的这份表是转录，尚未与原始文件逐行核对，引用前请打开来源核实。**,"世界卫生组织《Violence against women prevalence estimates, 2018》",https://www.who.int/publications/i/item/9789240022256
LVA,ipv-lifetime,17,15–49 岁，曾有过伴侣的女性,曾有过伴侣的女性中，一生中至少经历过一次伴侣施加的身体暴力或性暴力,2018,2021-03-09,世界卫生组织汇总 161 个国家/地区共 366 项人口调查（约 200 万名女性）建立的贝叶斯多层模型国家估计,national,modelled,模型估计，不是逐国实测：数据稀少的国家由区域模式补齐，不确定区间很宽。各国原始调查的年份、年龄范围与问法不同。自陈调查普遍低报，真实比例可能更高。**本站的这份表是转录，尚未与原始文件逐行核对，引用前请打开来源核实。**,"世界卫生组织《Violence against women prevalence estimates, 2018》",https://www.who.int/publications/i/item/9789240022256
MAR,ipv-lifetime,21,15–49 岁，曾有过伴侣的女性,曾有过伴侣的女性中，一生中至少经历过一次伴侣施加的身体暴力或性暴力,2018,2021-03-09,世界卫生组织汇总 161 个国家/地区共 366 项人口调查（约 200 万名女性）建立的贝叶斯多层模型国家估计,national,modelled,模型估计，不是逐国实测：数据稀少的国家由区域模式补齐，不确定区间很宽。各国原始调查的年份、年龄范围与问法不同。自陈调查普遍低报，真实比例可能更高。**本站的这份表是转录，尚未与原始文件逐行核对，引用前请打开来源核实。**,"世界卫生组织《Violence against women prevalence estimates, 2018》",https://www.who.int/publications/i/item/9789240022256
MDA,ipv-lifetime,20,15–49 岁，曾有过伴侣的女性,曾有过伴侣的女性中，一生中至少经历过一次伴侣施加的身体暴力或性暴力,2018,2021-03-09,世界卫生组织汇总 161 个国家/地区共 366 项人口调查（约 200 万名女性）建立的贝叶斯多层模型国家估计,national,modelled,模型估计，不是逐国实测：数据稀少的国家由区域模式补齐，不确定区间很宽。各国原始调查的年份、年龄范围与问法不同。自陈调查普遍低报，真实比例可能更高。**本站的这份表是转录，尚未与原始文件逐行核对，引用前请打开来源核实。**,"世界卫生组织《Violence against women prevalence estimates, 2018》",https://www.who.int/publications/i/item/9789240022256
MDG,ipv-lifetime,32,15–49 岁，曾有过伴侣的女性,曾有过伴侣的女性中，一生中至少经历过一次伴侣施加的身体暴力或性暴力,2018,2021-03-09,世界卫生组织汇总 161 个国家/地区共 366 项人口调查（约 200 万名女性）建立的贝叶斯多层模型国家估计,national,modelled,模型估计，不是逐国实测：数据稀少的国家由区域模式补齐，不确定区间很宽。各国原始调查的年份、年龄范围与问法不同。自陈调查普遍低报，真实比例可能更高。**本站的这份表是转录，尚未与原始文件逐行核对，引用前请打开来源核实。**,"世界卫生组织《Violence against women prevalence estimates, 2018》",https://www.who.int/publications/i/item/9789240022256
MDV,ipv-lifetime,16,15–49 岁，曾有过伴侣的女性,曾有过伴侣的女性中，一生中至少经历过一次伴侣施加的身体暴力或性暴力,2018,2021-03-09,世界卫生组织汇总 161 个国家/地区共 366 项人口调查（约 200 万名女性）建立的贝叶斯多层模型国家估计,national,modelled,模型估计，不是逐国实测：数据稀少的国家由区域模式补齐，不确定区间很宽。各国原始调查的年份、年龄范围与问法不同。自陈调查普遍低报，真实比例可能更高。**本站的这份表是转录，尚未与原始文件逐行核对，引用前请打开来源核实。**,"世界卫生组织《Violence against women prevalence estimates, 2018》",https://www.who.int/publications/i/item/9789240022256
MEX,ipv-lifetime,23,15–49 岁，曾有过伴侣的女性,曾有过伴侣的女性中，一生中至少经历过一次伴侣施加的身体暴力或性暴力,2018,2021-03-09,世界卫生组织汇总 161 个国家/地区共 366 项人口调查（约 200 万名女性）建立的贝叶斯多层模型国家估计,national,modelled,模型估计，不是逐国实测：数据稀少的国家由区域模式补齐，不确定区间很宽。各国原始调查的年份、年龄范围与问法不同。自陈调查普遍低报，真实比例可能更高。**本站的这份表是转录，尚未与原始文件逐行核对，引用前请打开来源核实。**,"世界卫生组织《Violence against women prevalence estimates, 2018》",https://www.who.int/publications/i/item/9789240022256
MKD,ipv-lifetime,12,15–49 岁，曾有过伴侣的女性,曾有过伴侣的女性中，一生中至少经历过一次伴侣施加的身体暴力或性暴力,2018,2021-03-09,世界卫生组织汇总 161 个国家/地区共 366 项人口调查（约 200 万名女性）建立的贝叶斯多层模型国家估计,national,modelled,模型估计，不是逐国实测：数据稀少的国家由区域模式补齐，不确定区间很宽。各国原始调查的年份、年龄范围与问法不同。自陈调查普遍低报，真实比例可能更高。**本站的这份表是转录，尚未与原始文件逐行核对，引用前请打开来源核实。**,"世界卫生组织《Violence against women prevalence estimates, 2018》",https://www.who.int/publications/i/item/9789240022256
MLI,ipv-lifetime,33,15–49 岁，曾有过伴侣的女性,曾有过伴侣的女性中，一生中至少经历过一次伴侣施加的身体暴力或性暴力,2018,2021-03-09,世界卫生组织汇总 161 个国家/地区共 366 项人口调查（约 200 万名女性）建立的贝叶斯多层模型国家估计,national,modelled,模型估计，不是逐国实测：数据稀少的国家由区域模式补齐，不确定区间很宽。各国原始调查的年份、年龄范围与问法不同。自陈调查普遍低报，真实比例可能更高。**本站的这份表是转录，尚未与原始文件逐行核对，引用前请打开来源核实。**,"世界卫生组织《Violence against women prevalence estimates, 2018》",https://www.who.int/publications/i/item/9789240022256
MLT,ipv-lifetime,11,15–49 岁，曾有过伴侣的女性,曾有过伴侣的女性中，一生中至少经历过一次伴侣施加的身体暴力或性暴力,2018,2021-03-09,世界卫生组织汇总 161 个国家/地区共 366 项人口调查（约 200 万名女性）建立的贝叶斯多层模型国家估计,national,modelled,模型估计，不是逐国实测：数据稀少的国家由区域模式补齐，不确定区间很宽。各国原始调查的年份、年龄范围与问法不同。自陈调查普遍低报，真实比例可能更高。**本站的这份表是转录，尚未与原始文件逐行核对，引用前请打开来源核实。**,"世界卫生组织《Violence against women prevalence estimates, 2018》",https://www.who.int/publications/i/item/9789240022256
MMR,ipv-lifetime,17,15–49 岁，曾有过伴侣的女性,曾有过伴侣的女性中，一生中至少经历过一次伴侣施加的身体暴力或性暴力,2018,2021-03-09,世界卫生组织汇总 161 个国家/地区共 366 项人口调查（约 200 万名女性）建立的贝叶斯多层模型国家估计,national,modelled,模型估计，不是逐国实测：数据稀少的国家由区域模式补齐，不确定区间很宽。各国原始调查的年份、年龄范围与问法不同。自陈调查普遍低报，真实比例可能更高。**本站的这份表是转录，尚未与原始文件逐行核对，引用前请打开来源核实。**,"世界卫生组织《Violence against women prevalence estimates, 2018》",https://www.who.int/publications/i/item/9789240022256
MNE,ipv-lifetime,12,15–49 岁，曾有过伴侣的女性,曾有过伴侣的女性中，一生中至少经历过一次伴侣施加的身体暴力或性暴力,2018,2021-03-09,世界卫生组织汇总 161 个国家/地区共 366 项人口调查（约 200 万名女性）建立的贝叶斯多层模型国家估计,national,modelled,模型估计，不是逐国实测：数据稀少的国家由区域模式补齐，不确定区间很宽。各国原始调查的年份、年龄范围与问法不同。自陈调查普遍低报，真实比例可能更高。**本站的这份表是转录，尚未与原始文件逐行核对，引用前请打开来源核实。**,"世界卫生组织《Violence against women prevalence estimates, 2018》",https://www.who.int/publications/i/item/9789240022256
MNG,ipv-lifetime,21,15–49 岁，曾有过伴侣的女性,曾有过伴侣的女性中，一生中至少经历过一次伴侣施加的身体暴力或性暴力,2018,2021-03-09,世界卫生组织汇总 161 个国家/地区共 366 项人口调查（约 200 万名女性）建立的贝叶斯多层模型国家估计,national,modelled,模型估计，不是逐国实测：数据稀少的国家由区域模式补齐，不确定区间很宽。各国原始调查的年份、年龄范围与问法不同。自陈调查普遍低报，真实比例可能更高。**本站的这份表是转录，尚未与原始文件逐行核对，引用前请打开来源核实。**,"世界卫生组织《Violence against women prevalence estimates, 2018》",https://www.who.int/publications/i/item/9789240022256
MOZ,ipv-lifetime,30,15–49 岁，曾有过伴侣的女性,曾有过伴侣的女性中，一生中至少经历过一次伴侣施加的身体暴力或性暴力,2018,2021-03-09,世界卫生组织汇总 161 个国家/地区共 366 项人口调查（约 200 万名女性）建立的贝叶斯多层模型国家估计,national,modelled,模型估计，不是逐国实测：数据稀少的国家由区域模式补齐，不确定区间很宽。各国原始调查的年份、年龄范围与问法不同。自陈调查普遍低报，真实比例可能更高。**本站的这份表是转录，尚未与原始文件逐行核对，引用前请打开来源核实。**,"世界卫生组织《Violence against women prevalence estimates, 2018》",https://www.who.int/publications/i/item/9789240022256
MRT,ipv-lifetime,22,15–49 岁，曾有过伴侣的女性,曾有过伴侣的女性中，一生中至少经历过一次伴侣施加的身体暴力或性暴力,2018,2021-03-09,世界卫生组织汇总 161 个国家/地区共 366 项人口调查（约 200 万名女性）建立的贝叶斯多层模型国家估计,national,modelled,模型估计，不是逐国实测：数据稀少的国家由区域模式补齐，不确定区间很宽。各国原始调查的年份、年龄范围与问法不同。自陈调查普遍低报，真实比例可能更高。**本站的这份表是转录，尚未与原始文件逐行核对，引用前请打开来源核实。**,"世界卫生组织《Violence against women prevalence estimates, 2018》",https://www.who.int/publications/i/item/9789240022256
MUS,ipv-lifetime,21,15–49 岁，曾有过伴侣的女性,曾有过伴侣的女性中，一生中至少经历过一次伴侣施加的身体暴力或性暴力,2018,2021-03-09,世界卫生组织汇总 161 个国家/地区共 366 项人口调查（约 200 万名女性）建立的贝叶斯多层模型国家估计,national,modelled,模型估计，不是逐国实测：数据稀少的国家由区域模式补齐，不确定区间很宽。各国原始调查的年份、年龄范围与问法不同。自陈调查普遍低报，真实比例可能更高。**本站的这份表是转录，尚未与原始文件逐行核对，引用前请打开来源核实。**,"世界卫生组织《Violence against women prevalence estimates, 2018》",https://www.who.int/publications/i/item/9789240022256
MWI,ipv-lifetime,34,15–49 岁，曾有过伴侣的女性,曾有过伴侣的女性中，一生中至少经历过一次伴侣施加的身体暴力或性暴力,2018,2021-03-09,世界卫生组织汇总 161 个国家/地区共 366 项人口调查（约 200 万名女性）建立的贝叶斯多层模型国家估计,national,modelled,模型估计，不是逐国实测：数据稀少的国家由区域模式补齐，不确定区间很宽。各国原始调查的年份、年龄范围与问法不同。自陈调查普遍低报，真实比例可能更高。**本站的这份表是转录，尚未与原始文件逐行核对，引用前请打开来源核实。**,"世界卫生组织《Violence against women prevalence estimates, 2018》",https://www.who.int/publications/i/item/9789240022256
MYS,ipv-lifetime,15,15–49 岁，曾有过伴侣的女性,曾有过伴侣的女性中，一生中至少经历过一次伴侣施加的身体暴力或性暴力,2018,2021-03-09,世界卫生组织汇总 161 个国家/地区共 366 项人口调查（约 200 万名女性）建立的贝叶斯多层模型国家估计,national,modelled,模型估计，不是逐国实测：数据稀少的国家由区域模式补齐，不确定区间很宽。各国原始调查的年份、年龄范围与问法不同。自陈调查普遍低报，真实比例可能更高。**本站的这份表是转录，尚未与原始文件逐行核对，引用前请打开来源核实。**,"世界卫生组织《Violence against women prevalence estimates, 2018》",https://www.who.int/publications/i/item/9789240022256
NAM,ipv-lifetime,27,15–49 岁，曾有过伴侣的女性,曾有过伴侣的女性中，一生中至少经历过一次伴侣施加的身体暴力或性暴力,2018,2021-03-09,世界卫生组织汇总 161 个国家/地区共 366 项人口调查（约 200 万名女性）建立的贝叶斯多层模型国家估计,national,modelled,模型估计，不是逐国实测：数据稀少的国家由区域模式补齐，不确定区间很宽。各国原始调查的年份、年龄范围与问法不同。自陈调查普遍低报，真实比例可能更高。**本站的这份表是转录，尚未与原始文件逐行核对，引用前请打开来源核实。**,"世界卫生组织《Violence against women prevalence estimates, 2018》",https://www.who.int/publications/i/item/9789240022256
NER,ipv-lifetime,26,15–49 岁，曾有过伴侣的女性,曾有过伴侣的女性中，一生中至少经历过一次伴侣施加的身体暴力或性暴力,2018,2021-03-09,世界卫生组织汇总 161 个国家/地区共 366 项人口调查（约 200 万名女性）建立的贝叶斯多层模型国家估计,national,modelled,模型估计，不是逐国实测：数据稀少的国家由区域模式补齐，不确定区间很宽。各国原始调查的年份、年龄范围与问法不同。自陈调查普遍低报，真实比例可能更高。**本站的这份表是转录，尚未与原始文件逐行核对，引用前请打开来源核实。**,"世界卫生组织《Violence against women prevalence estimates, 2018》",https://www.who.int/publications/i/item/9789240022256
NGA,ipv-lifetime,24,15–49 岁，曾有过伴侣的女性,曾有过伴侣的女性中，一生中至少经历过一次伴侣施加的身体暴力或性暴力,2018,2021-03-09,世界卫生组织汇总 161 个国家/地区共 366 项人口调查（约 200 万名女性）建立的贝叶斯多层模型国家估计,national,modelled,模型估计，不是逐国实测：数据稀少的国家由区域模式补齐，不确定区间很宽。各国原始调查的年份、年龄范围与问法不同。自陈调查普遍低报，真实比例可能更高。**本站的这份表是转录，尚未与原始文件逐行核对，引用前请打开来源核实。**,"世界卫生组织《Violence against women prevalence estimates, 2018》",https://www.who.int/publications/i/item/9789240022256
NIC,ipv-lifetime,21,15–49 岁，曾有过伴侣的女性,曾有过伴侣的女性中，一生中至少经历过一次伴侣施加的身体暴力或性暴力,2018,2021-03-09,世界卫生组织汇总 161 个国家/地区共 366 项人口调查（约 200 万名女性）建立的贝叶斯多层模型国家估计,national,modelled,模型估计，不是逐国实测：数据稀少的国家由区域模式补齐，不确定区间很宽。各国原始调查的年份、年龄范围与问法不同。自陈调查普遍低报，真实比例可能更高。**本站的这份表是转录，尚未与原始文件逐行核对，引用前请打开来源核实。**,"世界卫生组织《Violence against women prevalence estimates, 2018》",https://www.who.int/publications/i/item/9789240022256
NLD,ipv-lifetime,15,15–49 岁，曾有过伴侣的女性,曾有过伴侣的女性中，一生中至少经历过一次伴侣施加的身体暴力或性暴力,2018,2021-03-09,世界卫生组织汇总 161 个国家/地区共 366 项人口调查（约 200 万名女性）建立的贝叶斯多层模型国家估计,national,modelled,模型估计，不是逐国实测：数据稀少的国家由区域模式补齐，不确定区间很宽。各国原始调查的年份、年龄范围与问法不同。自陈调查普遍低报，真实比例可能更高。**本站的这份表是转录，尚未与原始文件逐行核对，引用前请打开来源核实。**,"世界卫生组织《Violence against women prevalence estimates, 2018》",https://www.who.int/publications/i/item/9789240022256
NOR,ipv-lifetime,20,15–49 岁，曾有过伴侣的女性,曾有过伴侣的女性中，一生中至少经历过一次伴侣施加的身体暴力或性暴力,2018,2021-03-09,世界卫生组织汇总 161 个国家/地区共 366 项人口调查（约 200 万名女性）建立的贝叶斯多层模型国家估计,national,modelled,模型估计，不是逐国实测：数据稀少的国家由区域模式补齐，不确定区间很宽。各国原始调查的年份、年龄范围与问法不同。自陈调查普遍低报，真实比例可能更高。**本站的这份表是转录，尚未与原始文件逐行核对，引用前请打开来源核实。**,"世界卫生组织《Violence against women prevalence estimates, 2018》",https://www.who.int/publications/i/item/9789240022256
NPL,ipv-lifetime,23,15–49 岁，曾有过伴侣的女性,曾有过伴侣的女性中，一生中至少经历过一次伴侣施加的身体暴力或性暴力,2018,2021-03-09,世界卫生组织汇总 161 个国家/地区共 366 项人口调查（约 200 万名女性）建立的贝叶斯多层模型国家估计,national,modelled,模型估计，不是逐国实测：数据稀少的国家由区域模式补齐，不确定区间很宽。各国原始调查的年份、年龄范围与问法不同。自陈调查普遍低报，真实比例可能更高。**本站的这份表是转录，尚未与原始文件逐行核对，引用前请打开来源核实。**,"世界卫生组织《Violence against women prevalence estimates, 2018》",https://www.who.int/publications/i/item/9789240022256
NZL,ipv-lifetime,24,15–49 岁，曾有过伴侣的女性,曾有过伴侣的女性中，一生中至少经历过一次伴侣施加的身体暴力或性暴力,2018,2021-03-09,世界卫生组织汇总 161 个国家/地区共 366 项人口调查（约 200 万名女性）建立的贝叶斯多层模型国家估计,national,modelled,模型估计，不是逐国实测：数据稀少的国家由区域模式补齐，不确定区间很宽。各国原始调查的年份、年龄范围与问法不同。自陈调查普遍低报，真实比例可能更高。**本站的这份表是转录，尚未与原始文件逐行核对，引用前请打开来源核实。**,"世界卫生组织《Violence against women prevalence estimates, 2018》",https://www.who.int/publications/i/item/9789240022256
OMN,ipv-lifetime,15,15–49 岁，曾有过伴侣的女性,曾有过伴侣的女性中，一生中至少经历过一次伴侣施加的身体暴力或性暴力,2018,2021-03-09,世界卫生组织汇总 161 个国家/地区共 366 项人口调查（约 200 万名女性）建立的贝叶斯多层模型国家估计,national,modelled,模型估计，不是逐国实测：数据稀少的国家由区域模式补齐，不确定区间很宽。各国原始调查的年份、年龄范围与问法不同。自陈调查普遍低报，真实比例可能更高。**本站的这份表是转录，尚未与原始文件逐行核对，引用前请打开来源核实。**,"世界卫生组织《Violence against women prevalence estimates, 2018》",https://www.who.int/publications/i/item/9789240022256
PAK,ipv-lifetime,26,15–49 岁，曾有过伴侣的女性,曾有过伴侣的女性中，一生中至少经历过一次伴侣施加的身体暴力或性暴力,2018,2021-03-09,世界卫生组织汇总 161 个国家/地区共 366 项人口调查（约 200 万名女性）建立的贝叶斯多层模型国家估计,national,modelled,模型估计，不是逐国实测：数据稀少的国家由区域模式补齐，不确定区间很宽。各国原始调查的年份、年龄范围与问法不同。自陈调查普遍低报，真实比例可能更高。**本站的这份表是转录，尚未与原始文件逐行核对，引用前请打开来源核实。**,"世界卫生组织《Violence against women prevalence estimates, 2018》",https://www.who.int/publications/i/item/9789240022256
PAN,ipv-lifetime,17,15–49 岁，曾有过伴侣的女性,曾有过伴侣的女性中，一生中至少经历过一次伴侣施加的身体暴力或性暴力,2018,2021-03-09,世界卫生组织汇总 161 个国家/地区共 366 项人口调查（约 200 万名女性）建立的贝叶斯多层模型国家估计,national,modelled,模型估计，不是逐国实测：数据稀少的国家由区域模式补齐，不确定区间很宽。各国原始调查的年份、年龄范围与问法不同。自陈调查普遍低报，真实比例可能更高。**本站的这份表是转录，尚未与原始文件逐行核对，引用前请打开来源核实。**,"世界卫生组织《Violence against women prevalence estimates, 2018》",https://www.who.int/publications/i/item/9789240022256
PER,ipv-lifetime,32,15–49 岁，曾有过伴侣的女性,曾有过伴侣的女性中，一生中至少经历过一次伴侣施加的身体暴力或性暴力,2018,2021-03-09,世界卫生组织汇总 161 个国家/地区共 366 项人口调查（约 200 万名女性）建立的贝叶斯多层模型国家估计,national,modelled,模型估计，不是逐国实测：数据稀少的国家由区域模式补齐，不确定区间很宽。各国原始调查的年份、年龄范围与问法不同。自陈调查普遍低报，真实比例可能更高。**本站的这份表是转录，尚未与原始文件逐行核对，引用前请打开来源核实。**,"世界卫生组织《Violence against women prevalence estimates, 2018》",https://www.who.int/publications/i/item/9789240022256
PHL,ipv-lifetime,15,15–49 岁，曾有过伴侣的女性,曾有过伴侣的女性中，一生中至少经历过一次伴侣施加的身体暴力或性暴力,2018,2021-03-09,世界卫生组织汇总 161 个国家/地区共 366 项人口调查（约 200 万名女性）建立的贝叶斯多层模型国家估计,national,modelled,模型估计，不是逐国实测：数据稀少的国家由区域模式补齐，不确定区间很宽。各国原始调查的年份、年龄范围与问法不同。自陈调查普遍低报，真实比例可能更高。**本站的这份表是转录，尚未与原始文件逐行核对，引用前请打开来源核实。**,"世界卫生组织《Violence against women prevalence estimates, 2018》",https://www.who.int/publications/i/item/9789240022256
PNG,ipv-lifetime,51,15–49 岁，曾有过伴侣的女性,曾有过伴侣的女性中，一生中至少经历过一次伴侣施加的身体暴力或性暴力,2018,2021-03-09,世界卫生组织汇总 161 个国家/地区共 366 项人口调查（约 200 万名女性）建立的贝叶斯多层模型国家估计,national,modelled,模型估计，不是逐国实测：数据稀少的国家由区域模式补齐，不确定区间很宽。各国原始调查的年份、年龄范围与问法不同。自陈调查普遍低报，真实比例可能更高。**本站的这份表是转录，尚未与原始文件逐行核对，引用前请打开来源核实。**,"世界卫生组织《Violence against women prevalence estimates, 2018》",https://www.who.int/publications/i/item/9789240022256
POL,ipv-lifetime,12,15–49 岁，曾有过伴侣的女性,曾有过伴侣的女性中，一生中至少经历过一次伴侣施加的身体暴力或性暴力,2018,2021-03-09,世界卫生组织汇总 161 个国家/地区共 366 项人口调查（约 200 万名女性）建立的贝叶斯多层模型国家估计,national,modelled,模型估计，不是逐国实测：数据稀少的国家由区域模式补齐，不确定区间很宽。各国原始调查的年份、年龄范围与问法不同。自陈调查普遍低报，真实比例可能更高。**本站的这份表是转录，尚未与原始文件逐行核对，引用前请打开来源核实。**,"世界卫生组织《Violence against women prevalence estimates, 2018》",https://www.who.int/publications/i/item/9789240022256
PRK,ipv-lifetime,20,15–49 岁，曾有过伴侣的女性,曾有过伴侣的女性中，一生中至少经历过一次伴侣施加的身体暴力或性暴力,2018,2021-03-09,世界卫生组织汇总 161 个国家/地区共 366 项人口调查（约 200 万名女性）建立的贝叶斯多层模型国家估计,national,modelled,模型估计，不是逐国实测：数据稀少的国家由区域模式补齐，不确定区间很宽。各国原始调查的年份、年龄范围与问法不同。自陈调查普遍低报，真实比例可能更高。**本站的这份表是转录，尚未与原始文件逐行核对，引用前请打开来源核实。**,"世界卫生组织《Violence against women prevalence estimates, 2018》",https://www.who.int/publications/i/item/9789240022256
PRT,ipv-lifetime,13,15–49 岁，曾有过伴侣的女性,曾有过伴侣的女性中，一生中至少经历过一次伴侣施加的身体暴力或性暴力,2018,2021-03-09,世界卫生组织汇总 161 个国家/地区共 366 项人口调查（约 200 万名女性）建立的贝叶斯多层模型国家估计,national,modelled,模型估计，不是逐国实测：数据稀少的国家由区域模式补齐，不确定区间很宽。各国原始调查的年份、年龄范围与问法不同。自陈调查普遍低报，真实比例可能更高。**本站的这份表是转录，尚未与原始文件逐行核对，引用前请打开来源核实。**,"世界卫生组织《Violence against women prevalence estimates, 2018》",https://www.who.int/publications/i/item/9789240022256
PRY,ipv-lifetime,20,15–49 岁，曾有过伴侣的女性,曾有过伴侣的女性中，一生中至少经历过一次伴侣施加的身体暴力或性暴力,2018,2021-03-09,世界卫生组织汇总 161 个国家/地区共 366 项人口调查（约 200 万名女性）建立的贝叶斯多层模型国家估计,national,modelled,模型估计，不是逐国实测：数据稀少的国家由区域模式补齐，不确定区间很宽。各国原始调查的年份、年龄范围与问法不同。自陈调查普遍低报，真实比例可能更高。**本站的这份表是转录，尚未与原始文件逐行核对，引用前请打开来源核实。**,"世界卫生组织《Violence against women prevalence estimates, 2018》",https://www.who.int/publications/i/item/9789240022256
PSE,ipv-lifetime,25,15–49 岁，曾有过伴侣的女性,曾有过伴侣的女性中，一生中至少经历过一次伴侣施加的身体暴力或性暴力,2018,2021-03-09,世界卫生组织汇总 161 个国家/地区共 366 项人口调查（约 200 万名女性）建立的贝叶斯多层模型国家估计,national,modelled,模型估计，不是逐国实测：数据稀少的国家由区域模式补齐，不确定区间很宽。各国原始调查的年份、年龄范围与问法不同。自陈调查普遍低报，真实比例可能更高。**本站的这份表是转录，尚未与原始文件逐行核对，引用前请打开来源核实。**,"世界卫生组织《Violence against women prevalence estimates, 2018》",https://www.who.int/publications/i/item/9789240022256
QAT,ipv-lifetime,15,15–49 岁，曾有过伴侣的女性,曾有过伴侣的女性中，一生中至少经历过一次伴侣施加的身体暴力或性暴力,2018,2021-03-09,世界卫生组织汇总 161 个国家/地区共 366 项人口调查（约 200 万名女性）建立的贝叶斯多层模型国家估计,national,modelled,模型估计，不是逐国实测：数据稀少的国家由区域模式补齐，不确定区间很宽。各国原始调查的年份、年龄范围与问法不同。自陈调查普遍低报，真实比例可能更高。**本站的这份表是转录，尚未与原始文件逐行核对，引用前请打开来源核实。**,"世界卫生组织《Violence against women prevalence estimates, 2018》",https://www.who.int/publications/i/item/9789240022256
ROU,ipv-lifetime,15,15–49 岁，曾有过伴侣的女性,曾有过伴侣的女性中，一生中至少经历过一次伴侣施加的身体暴力或性暴力,2018,2021-03-09,世界卫生组织汇总 161 个国家/地区共 366 项人口调查（约 200 万名女性）建立的贝叶斯多层模型国家估计,national,modelled,模型估计，不是逐国实测：数据稀少的国家由区域模式补齐，不确定区间很宽。各国原始调查的年份、年龄范围与问法不同。自陈调查普遍低报，真实比例可能更高。**本站的这份表是转录，尚未与原始文件逐行核对，引用前请打开来源核实。**,"世界卫生组织《Violence against women prevalence estimates, 2018》",https://www.who.int/publications/i/item/9789240022256
RUS,ipv-lifetime,20,15–49 岁，曾有过伴侣的女性,曾有过伴侣的女性中，一生中至少经历过一次伴侣施加的身体暴力或性暴力,2018,2021-03-09,世界卫生组织汇总 161 个国家/地区共 366 项人口调查（约 200 万名女性）建立的贝叶斯多层模型国家估计,national,modelled,模型估计，不是逐国实测：数据稀少的国家由区域模式补齐，不确定区间很宽。各国原始调查的年份、年龄范围与问法不同。自陈调查普遍低报，真实比例可能更高。**本站的这份表是转录，尚未与原始文件逐行核对，引用前请打开来源核实。**,"世界卫生组织《Violence against women prevalence estimates, 2018》",https://www.who.int/publications/i/item/9789240022256
RWA,ipv-lifetime,34,15–49 岁，曾有过伴侣的女性,曾有过伴侣的女性中，一生中至少经历过一次伴侣施加的身体暴力或性暴力,2018,2021-03-09,世界卫生组织汇总 161 个国家/地区共 366 项人口调查（约 200 万名女性）建立的贝叶斯多层模型国家估计,national,modelled,模型估计，不是逐国实测：数据稀少的国家由区域模式补齐，不确定区间很宽。各国原始调查的年份、年龄范围与问法不同。自陈调查普遍低报，真实比例可能更高。**本站的这份表是转录，尚未与原始文件逐行核对，引用前请打开来源核实。**,"世界卫生组织《Violence against women prevalence estimates, 2018》",https://www.who.int/publications/i/item/9789240022256
SAU,ipv-lifetime,15,15–49 岁，曾有过伴侣的女性,曾有过伴侣的女性中，一生中至少经历过一次伴侣施加的身体暴力或性暴力,2018,2021-03-09,世界卫生组织汇总 161 个国家/地区共 366 项人口调查（约 200 万名女性）建立的贝叶斯多层模型国家估计,national,modelled,模型估计，不是逐国实测：数据稀少的国家由区域模式补齐，不确定区间很宽。各国原始调查的年份、年龄范围与问法不同。自陈调查普遍低报，真实比例可能更高。**本站的这份表是转录，尚未与原始文件逐行核对，引用前请打开来源核实。**,"世界卫生组织《Violence against women prevalence estimates, 2018》",https://www.who.int/publications/i/item/9789240022256
SDN,ipv-lifetime,24,15–49 岁，曾有过伴侣的女性,曾有过伴侣的女性中，一生中至少经历过一次伴侣施加的身体暴力或性暴力,2018,2021-03-09,世界卫生组织汇总 161 个国家/地区共 366 项人口调查（约 200 万名女性）建立的贝叶斯多层模型国家估计,national,modelled,模型估计，不是逐国实测：数据稀少的国家由区域模式补齐，不确定区间很宽。各国原始调查的年份、年龄范围与问法不同。自陈调查普遍低报，真实比例可能更高。**本站的这份表是转录，尚未与原始文件逐行核对，引用前请打开来源核实。**,"世界卫生组织《Violence against women prevalence estimates, 2018》",https://www.who.int/publications/i/item/9789240022256
SEN,ipv-lifetime,22,15–49 岁，曾有过伴侣的女性,曾有过伴侣的女性中，一生中至少经历过一次伴侣施加的身体暴力或性暴力,2018,2021-03-09,世界卫生组织汇总 161 个国家/地区共 366 项人口调查（约 200 万名女性）建立的贝叶斯多层模型国家估计,national,modelled,模型估计，不是逐国实测：数据稀少的国家由区域模式补齐，不确定区间很宽。各国原始调查的年份、年龄范围与问法不同。自陈调查普遍低报，真实比例可能更高。**本站的这份表是转录，尚未与原始文件逐行核对，引用前请打开来源核实。**,"世界卫生组织《Violence against women prevalence estimates, 2018》",https://www.who.int/publications/i/item/9789240022256
SGP,ipv-lifetime,12,15–49 岁，曾有过伴侣的女性,曾有过伴侣的女性中，一生中至少经历过一次伴侣施加的身体暴力或性暴力,2018,2021-03-09,世界卫生组织汇总 161 个国家/地区共 366 项人口调查（约 200 万名女性）建立的贝叶斯多层模型国家估计,national,modelled,模型估计，不是逐国实测：数据稀少的国家由区域模式补齐，不确定区间很宽。各国原始调查的年份、年龄范围与问法不同。自陈调查普遍低报，真实比例可能更高。**本站的这份表是转录，尚未与原始文件逐行核对，引用前请打开来源核实。**,"世界卫生组织《Violence against women prevalence estimates, 2018》",https://www.who.int/publications/i/item/9789240022256
SLB,ipv-lifetime,51,15–49 岁，曾有过伴侣的女性,曾有过伴侣的女性中，一生中至少经历过一次伴侣施加的身体暴力或性暴力,2018,2021-03-09,世界卫生组织汇总 161 个国家/地区共 366 项人口调查（约 200 万名女性）建立的贝叶斯多层模型国家估计,national,modelled,模型估计，不是逐国实测：数据稀少的国家由区域模式补齐，不确定区间很宽。各国原始调查的年份、年龄范围与问法不同。自陈调查普遍低报，真实比例可能更高。**本站的这份表是转录，尚未与原始文件逐行核对，引用前请打开来源核实。**,"世界卫生组织《Violence against women prevalence estimates, 2018》",https://www.who.int/publications/i/item/9789240022256
SLE,ipv-lifetime,40,15–49 岁，曾有过伴侣的女性,曾有过伴侣的女性中，一生中至少经历过一次伴侣施加的身体暴力或性暴力,2018,2021-03-09,世界卫生组织汇总 161 个国家/地区共 366 项人口调查（约 200 万名女性）建立的贝叶斯多层模型国家估计,national,modelled,模型估计，不是逐国实测：数据稀少的国家由区域模式补齐，不确定区间很宽。各国原始调查的年份、年龄范围与问法不同。自陈调查普遍低报，真实比例可能更高。**本站的这份表是转录，尚未与原始文件逐行核对，引用前请打开来源核实。**,"世界卫生组织《Violence against women prevalence estimates, 2018》",https://www.who.int/publications/i/item/9789240022256
SLV,ipv-lifetime,24,15–49 岁，曾有过伴侣的女性,曾有过伴侣的女性中，一生中至少经历过一次伴侣施加的身体暴力或性暴力,2018,2021-03-09,世界卫生组织汇总 161 个国家/地区共 366 项人口调查（约 200 万名女性）建立的贝叶斯多层模型国家估计,national,modelled,模型估计，不是逐国实测：数据稀少的国家由区域模式补齐，不确定区间很宽。各国原始调查的年份、年龄范围与问法不同。自陈调查普遍低报，真实比例可能更高。**本站的这份表是转录，尚未与原始文件逐行核对，引用前请打开来源核实。**,"世界卫生组织《Violence against women prevalence estimates, 2018》",https://www.who.int/publications/i/item/9789240022256
SOM,ipv-lifetime,25,15–49 岁，曾有过伴侣的女性,曾有过伴侣的女性中，一生中至少经历过一次伴侣施加的身体暴力或性暴力,2018,2021-03-09,世界卫生组织汇总 161 个国家/地区共 366 项人口调查（约 200 万名女性）建立的贝叶斯多层模型国家估计,national,modelled,模型估计，不是逐国实测：数据稀少的国家由区域模式补齐，不确定区间很宽。各国原始调查的年份、年龄范围与问法不同。自陈调查普遍低报，真实比例可能更高。**本站的这份表是转录，尚未与原始文件逐行核对，引用前请打开来源核实。**,"世界卫生组织《Violence against women prevalence estimates, 2018》",https://www.who.int/publications/i/item/9789240022256
SRB,ipv-lifetime,12,15–49 岁，曾有过伴侣的女性,曾有过伴侣的女性中，一生中至少经历过一次伴侣施加的身体暴力或性暴力,2018,2021-03-09,世界卫生组织汇总 161 个国家/地区共 366 项人口调查（约 200 万名女性）建立的贝叶斯多层模型国家估计,national,modelled,模型估计，不是逐国实测：数据稀少的国家由区域模式补齐，不确定区间很宽。各国原始调查的年份、年龄范围与问法不同。自陈调查普遍低报，真实比例可能更高。**本站的这份表是转录，尚未与原始文件逐行核对，引用前请打开来源核实。**,"世界卫生组织《Violence against women prevalence estimates, 2018》",https://www.who.int/publications/i/item/9789240022256
SSD,ipv-lifetime,34,15–49 岁，曾有过伴侣的女性,曾有过伴侣的女性中，一生中至少经历过一次伴侣施加的身体暴力或性暴力,2018,2021-03-09,世界卫生组织汇总 161 个国家/地区共 366 项人口调查（约 200 万名女性）建立的贝叶斯多层模型国家估计,national,modelled,模型估计，不是逐国实测：数据稀少的国家由区域模式补齐，不确定区间很宽。各国原始调查的年份、年龄范围与问法不同。自陈调查普遍低报，真实比例可能更高。**本站的这份表是转录，尚未与原始文件逐行核对，引用前请打开来源核实。**,"世界卫生组织《Violence against women prevalence estimates, 2018》",https://www.who.int/publications/i/item/9789240022256
SUR,ipv-lifetime,24,15–49 岁，曾有过伴侣的女性,曾有过伴侣的女性中，一生中至少经历过一次伴侣施加的身体暴力或性暴力,2018,2021-03-09,世界卫生组织汇总 161 个国家/地区共 366 项人口调查（约 200 万名女性）建立的贝叶斯多层模型国家估计,national,modelled,模型估计，不是逐国实测：数据稀少的国家由区域模式补齐，不确定区间很宽。各国原始调查的年份、年龄范围与问法不同。自陈调查普遍低报，真实比例可能更高。**本站的这份表是转录，尚未与原始文件逐行核对，引用前请打开来源核实。**,"世界卫生组织《Violence against women prevalence estimates, 2018》",https://www.who.int/publications/i/item/9789240022256
SVK,ipv-lifetime,12,15–49 岁，曾有过伴侣的女性,曾有过伴侣的女性中，一生中至少经历过一次伴侣施加的身体暴力或性暴力,2018,2021-03-09,世界卫生组织汇总 161 个国家/地区共 366 项人口调查（约 200 万名女性）建立的贝叶斯多层模型国家估计,national,modelled,模型估计，不是逐国实测：数据稀少的国家由区域模式补齐，不确定区间很宽。各国原始调查的年份、年龄范围与问法不同。自陈调查普遍低报，真实比例可能更高。**本站的这份表是转录，尚未与原始文件逐行核对，引用前请打开来源核实。**,"世界卫生组织《Violence against women prevalence estimates, 2018》",https://www.who.int/publications/i/item/9789240022256
SVN,ipv-lifetime,11,15–49 岁，曾有过伴侣的女性,曾有过伴侣的女性中，一生中至少经历过一次伴侣施加的身体暴力或性暴力,2018,2021-03-09,世界卫生组织汇总 161 个国家/地区共 366 项人口调查（约 200 万名女性）建立的贝叶斯多层模型国家估计,national,modelled,模型估计，不是逐国实测：数据稀少的国家由区域模式补齐，不确定区间很宽。各国原始调查的年份、年龄范围与问法不同。自陈调查普遍低报，真实比例可能更高。**本站的这份表是转录，尚未与原始文件逐行核对，引用前请打开来源核实。**,"世界卫生组织《Violence against women prevalence estimates, 2018》",https://www.who.int/publications/i/item/9789240022256
SWE,ipv-lifetime,18,15–49 岁，曾有过伴侣的女性,曾有过伴侣的女性中，一生中至少经历过一次伴侣施加的身体暴力或性暴力,2018,2021-03-09,世界卫生组织汇总 161 个国家/地区共 366 项人口调查（约 200 万名女性）建立的贝叶斯多层模型国家估计,national,modelled,模型估计，不是逐国实测：数据稀少的国家由区域模式补齐，不确定区间很宽。各国原始调查的年份、年龄范围与问法不同。自陈调查普遍低报，真实比例可能更高。**本站的这份表是转录，尚未与原始文件逐行核对，引用前请打开来源核实。**,"世界卫生组织《Violence against women prevalence estimates, 2018》",https://www.who.int/publications/i/item/9789240022256
SWZ,ipv-lifetime,28,15–49 岁，曾有过伴侣的女性,曾有过伴侣的女性中，一生中至少经历过一次伴侣施加的身体暴力或性暴力,2018,2021-03-09,世界卫生组织汇总 161 个国家/地区共 366 项人口调查（约 200 万名女性）建立的贝叶斯多层模型国家估计,national,modelled,模型估计，不是逐国实测：数据稀少的国家由区域模式补齐，不确定区间很宽。各国原始调查的年份、年龄范围与问法不同。自陈调查普遍低报，真实比例可能更高。**本站的这份表是转录，尚未与原始文件逐行核对，引用前请打开来源核实。**,"世界卫生组织《Violence against women prevalence estimates, 2018》",https://www.who.int/publications/i/item/9789240022256
SYR,ipv-lifetime,26,15–49 岁，曾有过伴侣的女性,曾有过伴侣的女性中，一生中至少经历过一次伴侣施加的身体暴力或性暴力,2018,2021-03-09,世界卫生组织汇总 161 个国家/地区共 366 项人口调查（约 200 万名女性）建立的贝叶斯多层模型国家估计,national,modelled,模型估计，不是逐国实测：数据稀少的国家由区域模式补齐，不确定区间很宽。各国原始调查的年份、年龄范围与问法不同。自陈调查普遍低报，真实比例可能更高。**本站的这份表是转录，尚未与原始文件逐行核对，引用前请打开来源核实。**,"世界卫生组织《Violence against women prevalence estimates, 2018》",https://www.who.int/publications/i/item/9789240022256
TCD,ipv-lifetime,29,15–49 岁，曾有过伴侣的女性,曾有过伴侣的女性中，一生中至少经历过一次伴侣施加的身体暴力或性暴力,2018,2021-03-09,世界卫生组织汇总 161 个国家/地区共 366 项人口调查（约 200 万名女性）建立的贝叶斯多层模型国家估计,national,modelled,模型估计，不是逐国实测：数据稀少的国家由区域模式补齐，不确定区间很宽。各国原始调查的年份、年龄范围与问法不同。自陈调查普遍低报，真实比例可能更高。**本站的这份表是转录，尚未与原始文件逐行核对，引用前请打开来源核实。**,"世界卫生组织《Violence against women prevalence estimates, 2018》",https://www.who.int/publications/i/item/9789240022256
TGO,ipv-lifetime,25,15–49 岁，曾有过伴侣的女性,曾有过伴侣的女性中，一生中至少经历过一次伴侣施加的身体暴力或性暴力,2018,2021-03-09,世界卫生组织汇总 161 个国家/地区共 366 项人口调查（约 200 万名女性）建立的贝叶斯多层模型国家估计,national,modelled,模型估计，不是逐国实测：数据稀少的国家由区域模式补齐，不确定区间很宽。各国原始调查的年份、年龄范围与问法不同。自陈调查普遍低报，真实比例可能更高。**本站的这份表是转录，尚未与原始文件逐行核对，引用前请打开来源核实。**,"世界卫生组织《Violence against women prevalence estimates, 2018》",https://www.who.int/publications/i/item/9789240022256
THA,ipv-lifetime,15,15–49 岁，曾有过伴侣的女性,曾有过伴侣的女性中，一生中至少经历过一次伴侣施加的身体暴力或性暴力,2018,2021-03-09,世界卫生组织汇总 161 个国家/地区共 366 项人口调查（约 200 万名女性）建立的贝叶斯多层模型国家估计,national,modelled,模型估计，不是逐国实测：数据稀少的国家由区域模式补齐，不确定区间很宽。各国原始调查的年份、年龄范围与问法不同。自陈调查普遍低报，真实比例可能更高。**本站的这份表是转录，尚未与原始文件逐行核对，引用前请打开来源核实。**,"世界卫生组织《Violence against women prevalence estimates, 2018》",https://www.who.int/publications/i/item/9789240022256
TJK,ipv-lifetime,22,15–49 岁，曾有过伴侣的女性,曾有过伴侣的女性中，一生中至少经历过一次伴侣施加的身体暴力或性暴力,2018,2021-03-09,世界卫生组织汇总 161 个国家/地区共 366 项人口调查（约 200 万名女性）建立的贝叶斯多层模型国家估计,national,modelled,模型估计，不是逐国实测：数据稀少的国家由区域模式补齐，不确定区间很宽。各国原始调查的年份、年龄范围与问法不同。自陈调查普遍低报，真实比例可能更高。**本站的这份表是转录，尚未与原始文件逐行核对，引用前请打开来源核实。**,"世界卫生组织《Violence against women prevalence estimates, 2018》",https://www.who.int/publications/i/item/9789240022256
TKM,ipv-lifetime,15,15–49 岁，曾有过伴侣的女性,曾有过伴侣的女性中，一生中至少经历过一次伴侣施加的身体暴力或性暴力,2018,2021-03-09,世界卫生组织汇总 161 个国家/地区共 366 项人口调查（约 200 万名女性）建立的贝叶斯多层模型国家估计,national,modelled,模型估计，不是逐国实测：数据稀少的国家由区域模式补齐，不确定区间很宽。各国原始调查的年份、年龄范围与问法不同。自陈调查普遍低报，真实比例可能更高。**本站的这份表是转录，尚未与原始文件逐行核对，引用前请打开来源核实。**,"世界卫生组织《Violence against women prevalence estimates, 2018》",https://www.who.int/publications/i/item/9789240022256
TLS,ipv-lifetime,40,15–49 岁，曾有过伴侣的女性,曾有过伴侣的女性中，一生中至少经历过一次伴侣施加的身体暴力或性暴力,2018,2021-03-09,世界卫生组织汇总 161 个国家/地区共 366 项人口调查（约 200 万名女性）建立的贝叶斯多层模型国家估计,national,modelled,模型估计，不是逐国实测：数据稀少的国家由区域模式补齐，不确定区间很宽。各国原始调查的年份、年龄范围与问法不同。自陈调查普遍低报，真实比例可能更高。**本站的这份表是转录，尚未与原始文件逐行核对，引用前请打开来源核实。**,"世界卫生组织《Violence against women prevalence estimates, 2018》",https://www.who.int/publications/i/item/9789240022256
TON,ipv-lifetime,40,15–49 岁，曾有过伴侣的女性,曾有过伴侣的女性中，一生中至少经历过一次伴侣施加的身体暴力或性暴力,2018,2021-03-09,世界卫生组织汇总 161 个国家/地区共 366 项人口调查（约 200 万名女性）建立的贝叶斯多层模型国家估计,national,modelled,模型估计，不是逐国实测：数据稀少的国家由区域模式补齐，不确定区间很宽。各国原始调查的年份、年龄范围与问法不同。自陈调查普遍低报，真实比例可能更高。**本站的这份表是转录，尚未与原始文件逐行核对，引用前请打开来源核实。**,"世界卫生组织《Violence against women prevalence estimates, 2018》",https://www.who.int/publications/i/item/9789240022256
TTO,ipv-lifetime,24,15–49 岁，曾有过伴侣的女性,曾有过伴侣的女性中，一生中至少经历过一次伴侣施加的身体暴力或性暴力,2018,2021-03-09,世界卫生组织汇总 161 个国家/地区共 366 项人口调查（约 200 万名女性）建立的贝叶斯多层模型国家估计,national,modelled,模型估计，不是逐国实测：数据稀少的国家由区域模式补齐，不确定区间很宽。各国原始调查的年份、年龄范围与问法不同。自陈调查普遍低报，真实比例可能更高。**本站的这份表是转录，尚未与原始文件逐行核对，引用前请打开来源核实。**,"世界卫生组织《Violence against women prevalence estimates, 2018》",https://www.who.int/publications/i/item/9789240022256
TUN,ipv-lifetime,21,15–49 岁，曾有过伴侣的女性,曾有过伴侣的女性中，一生中至少经历过一次伴侣施加的身体暴力或性暴力,2018,2021-03-09,世界卫生组织汇总 161 个国家/地区共 366 项人口调查（约 200 万名女性）建立的贝叶斯多层模型国家估计,national,modelled,模型估计，不是逐国实测：数据稀少的国家由区域模式补齐，不确定区间很宽。各国原始调查的年份、年龄范围与问法不同。自陈调查普遍低报，真实比例可能更高。**本站的这份表是转录，尚未与原始文件逐行核对，引用前请打开来源核实。**,"世界卫生组织《Violence against women prevalence estimates, 2018》",https://www.who.int/publications/i/item/9789240022256
TUR,ipv-lifetime,26,15–49 岁，曾有过伴侣的女性,曾有过伴侣的女性中，一生中至少经历过一次伴侣施加的身体暴力或性暴力,2018,2021-03-09,世界卫生组织汇总 161 个国家/地区共 366 项人口调查（约 200 万名女性）建立的贝叶斯多层模型国家估计,national,modelled,模型估计，不是逐国实测：数据稀少的国家由区域模式补齐，不确定区间很宽。各国原始调查的年份、年龄范围与问法不同。自陈调查普遍低报，真实比例可能更高。**本站的这份表是转录，尚未与原始文件逐行核对，引用前请打开来源核实。**,"世界卫生组织《Violence against women prevalence estimates, 2018》",https://www.who.int/publications/i/item/9789240022256
TWN,ipv-lifetime,20,15–49 岁，曾有过伴侣的女性,曾有过伴侣的女性中，一生中至少经历过一次伴侣施加的身体暴力或性暴力,2018,2021-03-09,世界卫生组织汇总 161 个国家/地区共 366 项人口调查（约 200 万名女性）建立的贝叶斯多层模型国家估计,national,modelled,模型估计，不是逐国实测：数据稀少的国家由区域模式补齐，不确定区间很宽。各国原始调查的年份、年龄范围与问法不同。自陈调查普遍低报，真实比例可能更高。**本站的这份表是转录，尚未与原始文件逐行核对，引用前请打开来源核实。**,"世界卫生组织《Violence against women prevalence estimates, 2018》",https://www.who.int/publications/i/item/9789240022256
TZA,ipv-lifetime,40,15–49 岁，曾有过伴侣的女性,曾有过伴侣的女性中，一生中至少经历过一次伴侣施加的身体暴力或性暴力,2018,2021-03-09,世界卫生组织汇总 161 个国家/地区共 366 项人口调查（约 200 万名女性）建立的贝叶斯多层模型国家估计,national,modelled,模型估计，不是逐国实测：数据稀少的国家由区域模式补齐，不确定区间很宽。各国原始调查的年份、年龄范围与问法不同。自陈调查普遍低报，真实比例可能更高。**本站的这份表是转录，尚未与原始文件逐行核对，引用前请打开来源核实。**,"世界卫生组织《Violence against women prevalence estimates, 2018》",https://www.who.int/publications/i/item/9789240022256
UGA,ipv-lifetime,41,15–49 岁，曾有过伴侣的女性,曾有过伴侣的女性中，一生中至少经历过一次伴侣施加的身体暴力或性暴力,2018,2021-03-09,世界卫生组织汇总 161 个国家/地区共 366 项人口调查（约 200 万名女性）建立的贝叶斯多层模型国家估计,national,modelled,模型估计，不是逐国实测：数据稀少的国家由区域模式补齐，不确定区间很宽。各国原始调查的年份、年龄范围与问法不同。自陈调查普遍低报，真实比例可能更高。**本站的这份表是转录，尚未与原始文件逐行核对，引用前请打开来源核实。**,"世界卫生组织《Violence against women prevalence estimates, 2018》",https://www.who.int/publications/i/item/9789240022256
UKR,ipv-lifetime,17,15–49 岁，曾有过伴侣的女性,曾有过伴侣的女性中，一生中至少经历过一次伴侣施加的身体暴力或性暴力,2018,2021-03-09,世界卫生组织汇总 161 个国家/地区共 366 项人口调查（约 200 万名女性）建立的贝叶斯多层模型国家估计,national,modelled,模型估计，不是逐国实测：数据稀少的国家由区域模式补齐，不确定区间很宽。各国原始调查的年份、年龄范围与问法不同。自陈调查普遍低报，真实比例可能更高。**本站的这份表是转录，尚未与原始文件逐行核对，引用前请打开来源核实。**,"世界卫生组织《Violence against women prevalence estimates, 2018》",https://www.who.int/publications/i/item/9789240022256
URY,ipv-lifetime,21,15–49 岁，曾有过伴侣的女性,曾有过伴侣的女性中，一生中至少经历过一次伴侣施加的身体暴力或性暴力,2018,2021-03-09,世界卫生组织汇总 161 个国家/地区共 366 项人口调查（约 200 万名女性）建立的贝叶斯多层模型国家估计,national,modelled,模型估计，不是逐国实测：数据稀少的国家由区域模式补齐，不确定区间很宽。各国原始调查的年份、年龄范围与问法不同。自陈调查普遍低报，真实比例可能更高。**本站的这份表是转录，尚未与原始文件逐行核对，引用前请打开来源核实。**,"世界卫生组织《Violence against women prevalence estimates, 2018》",https://www.who.int/publications/i/item/9789240022256
USA,ipv-lifetime,25,15–49 岁，曾有过伴侣的女性,曾有过伴侣的女性中，一生中至少经历过一次伴侣施加的身体暴力或性暴力,2018,2021-03-09,世界卫生组织汇总 161 个国家/地区共 366 项人口调查（约 200 万名女性）建立的贝叶斯多层模型国家估计,national,modelled,模型估计，不是逐国实测：数据稀少的国家由区域模式补齐，不确定区间很宽。各国原始调查的年份、年龄范围与问法不同。自陈调查普遍低报，真实比例可能更高。**本站的这份表是转录，尚未与原始文件逐行核对，引用前请打开来源核实。**,"世界卫生组织《Violence against women prevalence estimates, 2018》",https://www.who.int/publications/i/item/9789240022256
UZB,ipv-lifetime,18,15–49 岁，曾有过伴侣的女性,曾有过伴侣的女性中，一生中至少经历过一次伴侣施加的身体暴力或性暴力,2018,2021-03-09,世界卫生组织汇总 161 个国家/地区共 366 项人口调查（约 200 万名女性）建立的贝叶斯多层模型国家估计,national,modelled,模型估计，不是逐国实测：数据稀少的国家由区域模式补齐，不确定区间很宽。各国原始调查的年份、年龄范围与问法不同。自陈调查普遍低报，真实比例可能更高。**本站的这份表是转录，尚未与原始文件逐行核对，引用前请打开来源核实。**,"世界卫生组织《Violence against women prevalence estimates, 2018》",https://www.who.int/publications/i/item/9789240022256
VEN,ipv-lifetime,24,15–49 岁，曾有过伴侣的女性,曾有过伴侣的女性中，一生中至少经历过一次伴侣施加的身体暴力或性暴力,2018,2021-03-09,世界卫生组织汇总 161 个国家/地区共 366 项人口调查（约 200 万名女性）建立的贝叶斯多层模型国家估计,national,modelled,模型估计，不是逐国实测：数据稀少的国家由区域模式补齐，不确定区间很宽。各国原始调查的年份、年龄范围与问法不同。自陈调查普遍低报，真实比例可能更高。**本站的这份表是转录，尚未与原始文件逐行核对，引用前请打开来源核实。**,"世界卫生组织《Violence against women prevalence estimates, 2018》",https://www.who.int/publications/i/item/9789240022256
VNM,ipv-lifetime,21,15–49 岁，曾有过伴侣的女性,曾有过伴侣的女性中，一生中至少经历过一次伴侣施加的身体暴力或性暴力,2018,2021-03-09,世界卫生组织汇总 161 个国家/地区共 366 项人口调查（约 200 万名女性）建立的贝叶斯多层模型国家估计,national,modelled,模型估计，不是逐国实测：数据稀少的国家由区域模式补齐，不确定区间很宽。各国原始调查的年份、年龄范围与问法不同。自陈调查普遍低报，真实比例可能更高。**本站的这份表是转录，尚未与原始文件逐行核对，引用前请打开来源核实。**,"世界卫生组织《Violence against women prevalence estimates, 2018》",https://www.who.int/publications/i/item/9789240022256
VUT,ipv-lifetime,51,15–49 岁，曾有过伴侣的女性,曾有过伴侣的女性中，一生中至少经历过一次伴侣施加的身体暴力或性暴力,2018,2021-03-09,世界卫生组织汇总 161 个国家/地区共 366 项人口调查（约 200 万名女性）建立的贝叶斯多层模型国家估计,national,modelled,模型估计，不是逐国实测：数据稀少的国家由区域模式补齐，不确定区间很宽。各国原始调查的年份、年龄范围与问法不同。自陈调查普遍低报，真实比例可能更高。**本站的这份表是转录，尚未与原始文件逐行核对，引用前请打开来源核实。**,"世界卫生组织《Violence against women prevalence estimates, 2018》",https://www.who.int/publications/i/item/9789240022256
YEM,ipv-lifetime,26,15–49 岁，曾有过伴侣的女性,曾有过伴侣的女性中，一生中至少经历过一次伴侣施加的身体暴力或性暴力,2018,2021-03-09,世界卫生组织汇总 161 个国家/地区共 366 项人口调查（约 200 万名女性）建立的贝叶斯多层模型国家估计,national,modelled,模型估计，不是逐国实测：数据稀少的国家由区域模式补齐，不确定区间很宽。各国原始调查的年份、年龄范围与问法不同。自陈调查普遍低报，真实比例可能更高。**本站的这份表是转录，尚未与原始文件逐行核对，引用前请打开来源核实。**,"世界卫生组织《Violence against women prevalence estimates, 2018》",https://www.who.int/publications/i/item/9789240022256
ZAF,ipv-lifetime,26,15–49 岁，曾有过伴侣的女性,曾有过伴侣的女性中，一生中至少经历过一次伴侣施加的身体暴力或性暴力,2018,2021-03-09,世界卫生组织汇总 161 个国家/地区共 366 项人口调查（约 200 万名女性）建立的贝叶斯多层模型国家估计,national,modelled,模型估计，不是逐国实测：数据稀少的国家由区域模式补齐，不确定区间很宽。各国原始调查的年份、年龄范围与问法不同。自陈调查普遍低报，真实比例可能更高。**本站的这份表是转录，尚未与原始文件逐行核对，引用前请打开来源核实。**,"世界卫生组织《Violence against women prevalence estimates, 2018》",https://www.who.int/publications/i/item/9789240022256
ZMB,ipv-lifetime,38,15–49 岁，曾有过伴侣的女性,曾有过伴侣的女性中，一生中至少经历过一次伴侣施加的身体暴力或性暴力,2018,2021-03-09,世界卫生组织汇总 161 个国家/地区共 366 项人口调查（约 200 万名女性）建立的贝叶斯多层模型国家估计,national,modelled,模型估计，不是逐国实测：数据稀少的国家由区域模式补齐，不确定区间很宽。各国原始调查的年份、年龄范围与问法不同。自陈调查普遍低报，真实比例可能更高。**本站的这份表是转录，尚未与原始文件逐行核对，引用前请打开来源核实。**,"世界卫生组织《Violence against women prevalence estimates, 2018》",https://www.who.int/publications/i/item/9789240022256
ZWE,ipv-lifetime,35,15–49 岁，曾有过伴侣的女性,曾有过伴侣的女性中，一生中至少经历过一次伴侣施加的身体暴力或性暴力,2018,2021-03-09,世界卫生组织汇总 161 个国家/地区共 366 项人口调查（约 200 万名女性）建立的贝叶斯多层模型国家估计,national,modelled,模型估计，不是逐国实测：数据稀少的国家由区域模式补齐，不确定区间很宽。各国原始调查的年份、年龄范围与问法不同。自陈调查普遍低报，真实比例可能更高。**本站的这份表是转录，尚未与原始文件逐行核对，引用前请打开来源核实。**,"世界卫生组织《Violence against women prevalence estimates, 2018》",https://www.who.int/publications/i/item/9789240022256
